{
    "high": {
        "precision": 0.5,
        "recall": 0.375,
        "f1-score": 0.42857142857142855,
        "support": 8
    },
    "low": {
        "precision": 0.8043478260869565,
        "recall": 0.8604651162790697,
        "f1-score": 0.8314606741573034,
        "support": 43
    },
    "medium": {
        "precision": 0.782608695652174,
        "recall": 0.6923076923076923,
        "f1-score": 0.7346938775510203,
        "support": 26
    },
    "normal": {
        "precision": 0.8571428571428571,
        "recall": 0.9,
        "f1-score": 0.8780487804878048,
        "support": 40
    },
    "accuracy": 0.8034188034188035,
    "macro_avg": {
        "precision": 0.7360248447204969,
        "recall": 0.7069432021466905,
        "f1-score": 0.7181936901918893,
        "support": 117
    },
    "weighted_avg": {
        "precision": 0.7967563837129055,
        "recall": 0.8034188034188035,
        "f1-score": 0.7983365166937966,
        "support": 117
    },
    "micro_avg": {
        "precision": 0.8034188034188035,
        "recall": 0.8034188034188035,
        "f1-score": 0.8034188034188035
    }
}