{
    "high": {
        "precision": 0.45454545454545453,
        "recall": 0.625,
        "f1-score": 0.5263157894736842,
        "support": 8
    },
    "low": {
        "precision": 0.9196428571428571,
        "recall": 0.9537037037037037,
        "f1-score": 0.9363636363636363,
        "support": 108
    },
    "medium": {
        "precision": 0.9803921568627451,
        "recall": 0.9493670886075949,
        "f1-score": 0.9646302250803858,
        "support": 158
    },
    "normal": {
        "precision": 1.0,
        "recall": 0.9885057471264368,
        "f1-score": 0.9942196531791908,
        "support": 174
    },
    "accuracy": 0.9598214285714286,
    "macro_avg": {
        "precision": 0.8386451171377641,
        "recall": 0.8791441348594339,
        "f1-score": 0.8553823260242244,
        "support": 448
    },
    "weighted_avg": {
        "precision": 0.9639726629288079,
        "recall": 0.9598214285714286,
        "f1-score": 0.9614812371851392,
        "support": 448
    },
    "micro_avg": {
        "precision": 0.9598214285714286,
        "recall": 0.9598214285714286,
        "f1-score": 0.9598214285714286
    }
}