{
    "high": {
        "precision": 0.42857142857142855,
        "recall": 0.375,
        "f1-score": 0.39999999999999997,
        "support": 8
    },
    "low": {
        "precision": 0.8260869565217391,
        "recall": 0.8837209302325582,
        "f1-score": 0.853932584269663,
        "support": 43
    },
    "medium": {
        "precision": 0.75,
        "recall": 0.6923076923076923,
        "f1-score": 0.7199999999999999,
        "support": 26
    },
    "normal": {
        "precision": 0.9,
        "recall": 0.9,
        "f1-score": 0.9,
        "support": 40
    },
    "accuracy": 0.811965811965812,
    "macro_avg": {
        "precision": 0.7261645962732919,
        "recall": 0.7127571556350626,
        "f1-score": 0.7184831460674157,
        "support": 117
    },
    "weighted_avg": {
        "precision": 0.8072676116154377,
        "recall": 0.811965811965812,
        "f1-score": 0.808881206184577,
        "support": 117
    },
    "micro_avg": {
        "precision": 0.811965811965812,
        "recall": 0.811965811965812,
        "f1-score": 0.811965811965812
    }
}