{
    "high": {
        "precision": 0.3333333333333333,
        "recall": 0.75,
        "f1-score": 0.46153846153846156,
        "support": 8
    },
    "low": {
        "precision": 0.9611650485436893,
        "recall": 0.9166666666666666,
        "f1-score": 0.9383886255924171,
        "support": 108
    },
    "medium": {
        "precision": 0.9738562091503268,
        "recall": 0.9430379746835443,
        "f1-score": 0.9581993569131834,
        "support": 158
    },
    "normal": {
        "precision": 0.9827586206896551,
        "recall": 0.9827586206896551,
        "f1-score": 0.9827586206896551,
        "support": 174
    },
    "accuracy": 0.9486607142857143,
    "macro_avg": {
        "precision": 0.8127783029292511,
        "recall": 0.8981158155099666,
        "f1-score": 0.8352212661834293,
        "support": 448
    },
    "weighted_avg": {
        "precision": 0.9628164574891445,
        "recall": 0.9486607142857143,
        "f1-score": 0.9540932536798475,
        "support": 448
    },
    "micro_avg": {
        "precision": 0.9486607142857143,
        "recall": 0.9486607142857143,
        "f1-score": 0.9486607142857143
    }
}