{
    "high": {
        "precision": 0.4444444444444444,
        "recall": 0.5,
        "f1-score": 0.47058823529411764,
        "support": 8
    },
    "low": {
        "precision": 0.8,
        "recall": 0.8372093023255814,
        "f1-score": 0.8181818181818183,
        "support": 43
    },
    "medium": {
        "precision": 0.8095238095238095,
        "recall": 0.6538461538461539,
        "f1-score": 0.7234042553191489,
        "support": 26
    },
    "normal": {
        "precision": 0.8333333333333334,
        "recall": 0.875,
        "f1-score": 0.8536585365853658,
        "support": 40
    },
    "accuracy": 0.7863247863247863,
    "macro_avg": {
        "precision": 0.7218253968253968,
        "recall": 0.7165138640429338,
        "f1-score": 0.7164582113451127,
        "support": 117
    },
    "weighted_avg": {
        "precision": 0.7892009225342558,
        "recall": 0.7863247863247863,
        "f1-score": 0.7854818475716551,
        "support": 117
    },
    "micro_avg": {
        "precision": 0.7863247863247863,
        "recall": 0.7863247863247863,
        "f1-score": 0.7863247863247863
    }
}