{
    "high": {
        "precision": 0.6,
        "recall": 0.375,
        "f1-score": 0.4615384615384615,
        "support": 8
    },
    "low": {
        "precision": 0.7843137254901961,
        "recall": 0.9302325581395349,
        "f1-score": 0.851063829787234,
        "support": 43
    },
    "medium": {
        "precision": 0.8260869565217391,
        "recall": 0.7307692307692307,
        "f1-score": 0.7755102040816326,
        "support": 26
    },
    "normal": {
        "precision": 0.9210526315789473,
        "recall": 0.875,
        "f1-score": 0.8974358974358975,
        "support": 40
    },
    "accuracy": 0.8290598290598291,
    "macro_avg": {
        "precision": 0.7828633283977207,
        "recall": 0.7277504472271914,
        "f1-score": 0.7463870982108064,
        "support": 117
    },
    "weighted_avg": {
        "precision": 0.8277423617846286,
        "recall": 0.8290598290598291,
        "f1-score": 0.8234936203138213,
        "support": 117
    },
    "micro_avg": {
        "precision": 0.8290598290598291,
        "recall": 0.8290598290598291,
        "f1-score": 0.8290598290598291
    }
}