{
    "high": {
        "precision": 0.2857142857142857,
        "recall": 0.75,
        "f1-score": 0.4137931034482759,
        "support": 8
    },
    "low": {
        "precision": 0.9603960396039604,
        "recall": 0.8981481481481481,
        "f1-score": 0.9282296650717703,
        "support": 108
    },
    "medium": {
        "precision": 0.9802631578947368,
        "recall": 0.9371069182389937,
        "f1-score": 0.9581993569131834,
        "support": 159
    },
    "normal": {
        "precision": 0.9771428571428571,
        "recall": 0.9827586206896551,
        "f1-score": 0.9799426934097422,
        "support": 174
    },
    "accuracy": 0.9420935412026726,
    "macro_avg": {
        "precision": 0.80087908508896,
        "recall": 0.8920034217691993,
        "f1-score": 0.820041204710743,
        "support": 449
    },
    "weighted_avg": {
        "precision": 0.9619001911159516,
        "recall": 0.9420935412026726,
        "f1-score": 0.949716870952848,
        "support": 449
    },
    "micro_avg": {
        "precision": 0.9420935412026726,
        "recall": 0.9420935412026726,
        "f1-score": 0.9420935412026726
    }
}