{
    "high": {
        "precision": 0.45454545454545453,
        "recall": 0.625,
        "f1-score": 0.5263157894736842,
        "support": 8
    },
    "low": {
        "precision": 0.9292035398230089,
        "recall": 0.9722222222222222,
        "f1-score": 0.9502262443438914,
        "support": 108
    },
    "medium": {
        "precision": 0.9803921568627451,
        "recall": 0.9493670886075949,
        "f1-score": 0.9646302250803858,
        "support": 158
    },
    "normal": {
        "precision": 0.9941520467836257,
        "recall": 0.9770114942528736,
        "f1-score": 0.9855072463768115,
        "support": 174
    },
    "accuracy": 0.9598214285714286,
    "macro_avg": {
        "precision": 0.8395732995037085,
        "recall": 0.8809002012706726,
        "f1-score": 0.8566698763186933,
        "support": 448
    },
    "weighted_avg": {
        "precision": 0.9640061671024848,
        "recall": 0.9598214285714286,
        "f1-score": 0.9614392793240979,
        "support": 448
    },
    "micro_avg": {
        "precision": 0.9598214285714286,
        "recall": 0.9598214285714286,
        "f1-score": 0.9598214285714286
    }
}