{
    "high": {
        "precision": 0.42857142857142855,
        "recall": 0.375,
        "f1-score": 0.39999999999999997,
        "support": 8
    },
    "low": {
        "precision": 0.8409090909090909,
        "recall": 0.8604651162790697,
        "f1-score": 0.8505747126436781,
        "support": 43
    },
    "medium": {
        "precision": 0.7692307692307693,
        "recall": 0.7692307692307693,
        "f1-score": 0.7692307692307693,
        "support": 26
    },
    "normal": {
        "precision": 0.9,
        "recall": 0.9,
        "f1-score": 0.9,
        "support": 40
    },
    "accuracy": 0.8205128205128205,
    "macro_avg": {
        "precision": 0.7346778221778222,
        "recall": 0.7261739713774598,
        "f1-score": 0.7299513704686118,
        "support": 117
    },
    "weighted_avg": {
        "precision": 0.8169885669885671,
        "recall": 0.8205128205128205,
        "f1-score": 0.8185872875528047,
        "support": 117
    },
    "micro_avg": {
        "precision": 0.8205128205128205,
        "recall": 0.8205128205128205,
        "f1-score": 0.8205128205128205
    }
}