{
    "high": {
        "precision": 0.5,
        "recall": 0.75,
        "f1-score": 0.6,
        "support": 8
    },
    "low": {
        "precision": 0.9196428571428571,
        "recall": 0.9537037037037037,
        "f1-score": 0.9363636363636363,
        "support": 108
    },
    "medium": {
        "precision": 0.9802631578947368,
        "recall": 0.9430379746835443,
        "f1-score": 0.9612903225806452,
        "support": 158
    },
    "normal": {
        "precision": 0.9883720930232558,
        "recall": 0.9770114942528736,
        "f1-score": 0.9826589595375722,
        "support": 174
    },
    "accuracy": 0.9553571428571429,
    "macro_avg": {
        "precision": 0.8470695270152124,
        "recall": 0.9059382931600304,
        "f1-score": 0.8700782296204634,
        "support": 448
    },
    "weighted_avg": {
        "precision": 0.9602226600554543,
        "recall": 0.9553571428571429,
        "f1-score": 0.9571290237824827,
        "support": 448
    },
    "micro_avg": {
        "precision": 0.9553571428571429,
        "recall": 0.9553571428571429,
        "f1-score": 0.9553571428571429
    }
}