{
    "high": {
        "precision": 0.4166666666666667,
        "recall": 0.625,
        "f1-score": 0.5,
        "support": 8
    },
    "low": {
        "precision": 0.9345794392523364,
        "recall": 0.9259259259259259,
        "f1-score": 0.9302325581395349,
        "support": 108
    },
    "medium": {
        "precision": 0.9738562091503268,
        "recall": 0.9430379746835443,
        "f1-score": 0.9581993569131834,
        "support": 158
    },
    "normal": {
        "precision": 0.9772727272727273,
        "recall": 0.9885057471264368,
        "f1-score": 0.9828571428571428,
        "support": 174
    },
    "accuracy": 0.9508928571428571,
    "macro_avg": {
        "precision": 0.8255937605855144,
        "recall": 0.8706174119339768,
        "f1-score": 0.8428222644774652,
        "support": 448
    },
    "weighted_avg": {
        "precision": 0.9557648400977496,
        "recall": 0.9508928571428571,
        "f1-score": 0.9528521373403918,
        "support": 448
    },
    "micro_avg": {
        "precision": 0.9508928571428571,
        "recall": 0.9508928571428571,
        "f1-score": 0.9508928571428571
    }
}