{
    "high": {
        "precision": 0.5,
        "recall": 0.75,
        "f1-score": 0.6,
        "support": 8
    },
    "low": {
        "precision": 0.9439252336448598,
        "recall": 0.9351851851851852,
        "f1-score": 0.9395348837209302,
        "support": 108
    },
    "medium": {
        "precision": 0.967741935483871,
        "recall": 0.9493670886075949,
        "f1-score": 0.9584664536741213,
        "support": 158
    },
    "normal": {
        "precision": 0.9827586206896551,
        "recall": 0.9827586206896551,
        "f1-score": 0.9827586206896551,
        "support": 174
    },
    "accuracy": 0.9553571428571429,
    "macro_avg": {
        "precision": 0.8486064474545966,
        "recall": 0.9043277236206088,
        "f1-score": 0.8701899895211767,
        "support": 448
    },
    "weighted_avg": {
        "precision": 0.9594802478573582,
        "recall": 0.9553571428571429,
        "f1-score": 0.956936310541008,
        "support": 448
    },
    "micro_avg": {
        "precision": 0.9553571428571429,
        "recall": 0.9553571428571429,
        "f1-score": 0.9553571428571429
    }
}