{
    "high": {
        "precision": 0.5555555555555556,
        "recall": 0.625,
        "f1-score": 0.5882352941176471,
        "support": 8
    },
    "low": {
        "precision": 0.9363636363636364,
        "recall": 0.9537037037037037,
        "f1-score": 0.944954128440367,
        "support": 108
    },
    "medium": {
        "precision": 0.9805194805194806,
        "recall": 0.9556962025316456,
        "f1-score": 0.967948717948718,
        "support": 158
    },
    "normal": {
        "precision": 0.9828571428571429,
        "recall": 0.9885057471264368,
        "f1-score": 0.98567335243553,
        "support": 174
    },
    "accuracy": 0.9620535714285714,
    "macro_avg": {
        "precision": 0.8638239538239538,
        "recall": 0.8807264133404465,
        "f1-score": 0.8717028732355655,
        "support": 448
    },
    "weighted_avg": {
        "precision": 0.9631940579262007,
        "recall": 0.9620535714285714,
        "f1-score": 0.9625089039825456,
        "support": 448
    },
    "micro_avg": {
        "precision": 0.9620535714285714,
        "recall": 0.9620535714285714,
        "f1-score": 0.9620535714285714
    }
}