{
    "high": {
        "precision": 0.42857142857142855,
        "recall": 0.375,
        "f1-score": 0.39999999999999997,
        "support": 8
    },
    "low": {
        "precision": 0.8095238095238095,
        "recall": 0.7906976744186046,
        "f1-score": 0.8,
        "support": 43
    },
    "medium": {
        "precision": 0.7142857142857143,
        "recall": 0.7692307692307693,
        "f1-score": 0.7407407407407408,
        "support": 26
    },
    "normal": {
        "precision": 0.9,
        "recall": 0.9,
        "f1-score": 0.9,
        "support": 40
    },
    "accuracy": 0.7948717948717948,
    "macro_avg": {
        "precision": 0.7130952380952381,
        "recall": 0.7087321109123434,
        "f1-score": 0.7101851851851851,
        "support": 117
    },
    "weighted_avg": {
        "precision": 0.7932437932437932,
        "recall": 0.7948717948717948,
        "f1-score": 0.7936688825577715,
        "support": 117
    },
    "micro_avg": {
        "precision": 0.7948717948717948,
        "recall": 0.7948717948717948,
        "f1-score": 0.7948717948717948
    }
}