{
    "high": {
        "precision": 0.375,
        "recall": 0.75,
        "f1-score": 0.5,
        "support": 8
    },
    "low": {
        "precision": 0.9090909090909091,
        "recall": 0.9259259259259259,
        "f1-score": 0.9174311926605504,
        "support": 108
    },
    "medium": {
        "precision": 0.9798657718120806,
        "recall": 0.9240506329113924,
        "f1-score": 0.9511400651465798,
        "support": 158
    },
    "normal": {
        "precision": 0.9826589595375722,
        "recall": 0.9770114942528736,
        "f1-score": 0.9798270893371759,
        "support": 174
    },
    "accuracy": 0.9419642857142857,
    "macro_avg": {
        "precision": 0.8116539101101405,
        "recall": 0.894247013272548,
        "f1-score": 0.8370995867860764,
        "support": 448
    },
    "weighted_avg": {
        "precision": 0.9530876542135367,
        "recall": 0.9419642857142857,
        "f1-score": 0.9460995817972492,
        "support": 448
    },
    "micro_avg": {
        "precision": 0.9419642857142857,
        "recall": 0.9419642857142857,
        "f1-score": 0.9419642857142857
    }
}