{
    "high": {
        "precision": 0.5,
        "recall": 0.75,
        "f1-score": 0.6,
        "support": 8
    },
    "low": {
        "precision": 0.9107142857142857,
        "recall": 0.9444444444444444,
        "f1-score": 0.9272727272727271,
        "support": 108
    },
    "medium": {
        "precision": 0.9803921568627451,
        "recall": 0.9493670886075949,
        "f1-score": 0.9646302250803858,
        "support": 158
    },
    "normal": {
        "precision": 0.9941520467836257,
        "recall": 0.9770114942528736,
        "f1-score": 0.9855072463768115,
        "support": 174
    },
    "accuracy": 0.9553571428571429,
    "macro_avg": {
        "precision": 0.8463146223401641,
        "recall": 0.9052057568262282,
        "f1-score": 0.8693525496824811,
        "support": 448
    },
    "weighted_avg": {
        "precision": 0.9603606245129631,
        "recall": 0.9553571428571429,
        "f1-score": 0.9572216316466979,
        "support": 448
    },
    "micro_avg": {
        "precision": 0.9553571428571429,
        "recall": 0.9553571428571429,
        "f1-score": 0.9553571428571429
    }
}