{
    "high": {
        "precision": 0.5454545454545454,
        "recall": 0.75,
        "f1-score": 0.631578947368421,
        "support": 8
    },
    "low": {
        "precision": 0.9166666666666666,
        "recall": 0.9166666666666666,
        "f1-score": 0.9166666666666666,
        "support": 108
    },
    "medium": {
        "precision": 0.9615384615384616,
        "recall": 0.9493670886075949,
        "f1-score": 0.9554140127388535,
        "support": 158
    },
    "normal": {
        "precision": 0.9884393063583815,
        "recall": 0.9827586206896551,
        "f1-score": 0.9855907780979827,
        "support": 174
    },
    "accuracy": 0.9508928571428571,
    "macro_avg": {
        "precision": 0.8530247450045138,
        "recall": 0.8996980939909792,
        "f1-score": 0.8723126012179809,
        "support": 448
    },
    "weighted_avg": {
        "precision": 0.9537391798952493,
        "recall": 0.9508928571428571,
        "f1-score": 0.9520108057605697,
        "support": 448
    },
    "micro_avg": {
        "precision": 0.9508928571428571,
        "recall": 0.9508928571428571,
        "f1-score": 0.9508928571428571
    }
}