{
    "high": {
        "precision": 0.0,
        "recall": 0.0,
        "f1-score": 0.0,
        "support": 8
    },
    "low": {
        "precision": 0.8222222222222222,
        "recall": 0.8604651162790697,
        "f1-score": 0.8409090909090908,
        "support": 43
    },
    "medium": {
        "precision": 0.6129032258064516,
        "recall": 0.7307692307692307,
        "f1-score": 0.6666666666666667,
        "support": 26
    },
    "normal": {
        "precision": 0.85,
        "recall": 0.85,
        "f1-score": 0.85,
        "support": 40
    },
    "accuracy": 0.7692307692307693,
    "macro_avg": {
        "precision": 0.5712813620071685,
        "recall": 0.6103085867620751,
        "f1-score": 0.5893939393939394,
        "support": 117
    },
    "weighted_avg": {
        "precision": 0.7289832429617376,
        "recall": 0.7692307692307693,
        "f1-score": 0.7477984977984978,
        "support": 117
    },
    "micro_avg": {
        "precision": 0.7692307692307693,
        "recall": 0.7692307692307693,
        "f1-score": 0.7692307692307693
    }
}