{
    "high": {
        "precision": 0.46153846153846156,
        "recall": 0.75,
        "f1-score": 0.5714285714285714,
        "support": 8
    },
    "low": {
        "precision": 0.9272727272727272,
        "recall": 0.9444444444444444,
        "f1-score": 0.9357798165137615,
        "support": 108
    },
    "medium": {
        "precision": 0.9867549668874173,
        "recall": 0.9430379746835443,
        "f1-score": 0.964401294498382,
        "support": 158
    },
    "normal": {
        "precision": 0.9885057471264368,
        "recall": 0.9885057471264368,
        "f1-score": 0.9885057471264368,
        "support": 174
    },
    "accuracy": 0.9575892857142857,
    "macro_avg": {
        "precision": 0.8410179757062607,
        "recall": 0.9064970415636063,
        "f1-score": 0.8650288573917878,
        "support": 448
    },
    "weighted_avg": {
        "precision": 0.9637166227811923,
        "recall": 0.9575892857142857,
        "f1-score": 0.9598461010840607,
        "support": 448
    },
    "micro_avg": {
        "precision": 0.9575892857142857,
        "recall": 0.9575892857142857,
        "f1-score": 0.9575892857142857
    }
}