{
    "high": {
        "precision": 0.5714285714285714,
        "recall": 0.5,
        "f1-score": 0.5333333333333333,
        "support": 8
    },
    "low": {
        "precision": 0.9203539823008849,
        "recall": 0.9629629629629629,
        "f1-score": 0.9411764705882353,
        "support": 108
    },
    "medium": {
        "precision": 0.9803921568627451,
        "recall": 0.9493670886075949,
        "f1-score": 0.9646302250803858,
        "support": 158
    },
    "normal": {
        "precision": 0.9828571428571429,
        "recall": 0.9885057471264368,
        "f1-score": 0.98567335243553,
        "support": 174
    },
    "accuracy": 0.9598214285714286,
    "macro_avg": {
        "precision": 0.863757963362336,
        "recall": 0.8502089496742485,
        "f1-score": 0.8562033453593711,
        "support": 448
    },
    "weighted_avg": {
        "precision": 0.9595731301370105,
        "recall": 0.9598214285714286,
        "f1-score": 0.9594474651265161,
        "support": 448
    },
    "micro_avg": {
        "precision": 0.9598214285714286,
        "recall": 0.9598214285714286,
        "f1-score": 0.9598214285714286
    }
}