{
    "high": {
        "precision": 0.0,
        "recall": 0.0,
        "f1-score": 0.0,
        "support": 8
    },
    "low": {
        "precision": 0.7916666666666666,
        "recall": 0.8837209302325582,
        "f1-score": 0.8351648351648352,
        "support": 43
    },
    "medium": {
        "precision": 0.7142857142857143,
        "recall": 0.7692307692307693,
        "f1-score": 0.7407407407407408,
        "support": 26
    },
    "normal": {
        "precision": 0.8780487804878049,
        "recall": 0.9,
        "f1-score": 0.888888888888889,
        "support": 40
    },
    "accuracy": 0.8034188034188035,
    "macro_avg": {
        "precision": 0.5960002903600464,
        "recall": 0.6382379248658319,
        "f1-score": 0.6161986161986163,
        "support": 117
    },
    "weighted_avg": {
        "precision": 0.7498721919453627,
        "recall": 0.8034188034188035,
        "f1-score": 0.7754436130504506,
        "support": 117
    },
    "micro_avg": {
        "precision": 0.8034188034188035,
        "recall": 0.8034188034188035,
        "f1-score": 0.8034188034188035
    }
}