{
    "high": {
        "precision": 0.5,
        "recall": 0.375,
        "f1-score": 0.42857142857142855,
        "support": 8
    },
    "low": {
        "precision": 0.7674418604651163,
        "recall": 0.7674418604651163,
        "f1-score": 0.7674418604651162,
        "support": 43
    },
    "medium": {
        "precision": 0.6428571428571429,
        "recall": 0.6923076923076923,
        "f1-score": 0.6666666666666666,
        "support": 26
    },
    "normal": {
        "precision": 0.85,
        "recall": 0.85,
        "f1-score": 0.85,
        "support": 40
    },
    "accuracy": 0.7521367521367521,
    "macro_avg": {
        "precision": 0.6900747508305648,
        "recall": 0.6711873881932021,
        "f1-score": 0.6781699889258028,
        "support": 117
    },
    "weighted_avg": {
        "precision": 0.7496947496947498,
        "recall": 0.7521367521367521,
        "f1-score": 0.7501017501017501,
        "support": 117
    },
    "micro_avg": {
        "precision": 0.7521367521367521,
        "recall": 0.7521367521367521,
        "f1-score": 0.752136752136752
    }
}