{
    "high": {
        "precision": 0.5555555555555556,
        "recall": 0.625,
        "f1-score": 0.5882352941176471,
        "support": 8
    },
    "low": {
        "precision": 0.9351851851851852,
        "recall": 0.9351851851851852,
        "f1-score": 0.9351851851851852,
        "support": 108
    },
    "medium": {
        "precision": 0.9805194805194806,
        "recall": 0.9556962025316456,
        "f1-score": 0.967948717948718,
        "support": 158
    },
    "normal": {
        "precision": 0.9661016949152542,
        "recall": 0.9827586206896551,
        "f1-score": 0.9743589743589743,
        "support": 174
    },
    "accuracy": 0.9553571428571429,
    "macro_avg": {
        "precision": 0.859340479043869,
        "recall": 0.8746600021016214,
        "f1-score": 0.8664320429026312,
        "support": 448
    },
    "weighted_avg": {
        "precision": 0.9564022707182512,
        "recall": 0.9553571428571429,
        "f1-score": 0.9557594672484379,
        "support": 448
    },
    "micro_avg": {
        "precision": 0.9553571428571429,
        "recall": 0.9553571428571429,
        "f1-score": 0.9553571428571429
    }
}