{
    "high": {
        "precision": 0.42857142857142855,
        "recall": 0.375,
        "f1-score": 0.39999999999999997,
        "support": 8
    },
    "low": {
        "precision": 0.7804878048780488,
        "recall": 0.7441860465116279,
        "f1-score": 0.761904761904762,
        "support": 43
    },
    "medium": {
        "precision": 0.5806451612903226,
        "recall": 0.6923076923076923,
        "f1-score": 0.631578947368421,
        "support": 26
    },
    "normal": {
        "precision": 0.9210526315789473,
        "recall": 0.875,
        "f1-score": 0.8974358974358975,
        "support": 40
    },
    "accuracy": 0.7521367521367521,
    "macro_avg": {
        "precision": 0.6776892565796868,
        "recall": 0.67162343470483,
        "f1-score": 0.6727299016772701,
        "support": 117
    },
    "weighted_avg": {
        "precision": 0.7600720213250752,
        "recall": 0.7521367521367521,
        "f1-score": 0.754533275990766,
        "support": 117
    },
    "micro_avg": {
        "precision": 0.7521367521367521,
        "recall": 0.7521367521367521,
        "f1-score": 0.752136752136752
    }
}