{
    "high": {
        "precision": 0.2777777777777778,
        "recall": 0.625,
        "f1-score": 0.3846153846153846,
        "support": 8
    },
    "low": {
        "precision": 0.9203539823008849,
        "recall": 0.9629629629629629,
        "f1-score": 0.9411764705882353,
        "support": 108
    },
    "medium": {
        "precision": 0.9930555555555556,
        "recall": 0.9050632911392406,
        "f1-score": 0.9470198675496688,
        "support": 158
    },
    "normal": {
        "precision": 0.9884393063583815,
        "recall": 0.9827586206896551,
        "f1-score": 0.9855907780979827,
        "support": 174
    },
    "accuracy": 0.9441964285714286,
    "macro_avg": {
        "precision": 0.79490665549815,
        "recall": 0.8689462186979646,
        "f1-score": 0.8146006252128178,
        "support": 448
    },
    "weighted_avg": {
        "precision": 0.9609635477563704,
        "recall": 0.9441964285714286,
        "f1-score": 0.9505489204516723,
        "support": 448
    },
    "micro_avg": {
        "precision": 0.9441964285714286,
        "recall": 0.9441964285714286,
        "f1-score": 0.9441964285714286
    }
}