{
    "high": {
        "precision": 0.5,
        "recall": 0.375,
        "f1-score": 0.42857142857142855,
        "support": 8
    },
    "low": {
        "precision": 0.7727272727272727,
        "recall": 0.7906976744186046,
        "f1-score": 0.7816091954022988,
        "support": 43
    },
    "medium": {
        "precision": 0.6538461538461539,
        "recall": 0.6538461538461539,
        "f1-score": 0.6538461538461539,
        "support": 26
    },
    "normal": {
        "precision": 0.8780487804878049,
        "recall": 0.9,
        "f1-score": 0.888888888888889,
        "support": 40
    },
    "accuracy": 0.7692307692307693,
    "macro_avg": {
        "precision": 0.7011555517653079,
        "recall": 0.6798859570661896,
        "f1-score": 0.6882289166771925,
        "support": 117
    },
    "weighted_avg": {
        "precision": 0.7636685807417515,
        "recall": 0.7692307692307693,
        "f1-score": 0.7657548921916737,
        "support": 117
    },
    "micro_avg": {
        "precision": 0.7692307692307693,
        "recall": 0.7692307692307693,
        "f1-score": 0.7692307692307693
    }
}