{
    "high": {
        "precision": 0.35294117647058826,
        "recall": 0.75,
        "f1-score": 0.48,
        "support": 8
    },
    "low": {
        "precision": 0.9181818181818182,
        "recall": 0.9351851851851852,
        "f1-score": 0.9266055045871558,
        "support": 108
    },
    "medium": {
        "precision": 0.9733333333333334,
        "recall": 0.9240506329113924,
        "f1-score": 0.948051948051948,
        "support": 158
    },
    "normal": {
        "precision": 1.0,
        "recall": 0.9827586206896551,
        "f1-score": 0.9913043478260869,
        "support": 174
    },
    "accuracy": 0.9464285714285714,
    "macro_avg": {
        "precision": 0.811114081996435,
        "recall": 0.8979986096965582,
        "f1-score": 0.8364904501162977,
        "support": 448
    },
    "weighted_avg": {
        "precision": 0.9593165902724726,
        "recall": 0.9464285714285714,
        "f1-score": 0.9513226759137494,
        "support": 448
    },
    "micro_avg": {
        "precision": 0.9464285714285714,
        "recall": 0.9464285714285714,
        "f1-score": 0.9464285714285714
    }
}