{
    "high": {
        "precision": 0.45454545454545453,
        "recall": 0.625,
        "f1-score": 0.5263157894736842,
        "support": 8
    },
    "low": {
        "precision": 0.9363636363636364,
        "recall": 0.9537037037037037,
        "f1-score": 0.944954128440367,
        "support": 108
    },
    "medium": {
        "precision": 0.9741935483870968,
        "recall": 0.9556962025316456,
        "f1-score": 0.9648562300319489,
        "support": 158
    },
    "normal": {
        "precision": 0.9941860465116279,
        "recall": 0.9827586206896551,
        "f1-score": 0.9884393063583815,
        "support": 174
    },
    "accuracy": 0.9598214285714286,
    "macro_avg": {
        "precision": 0.8398221714519539,
        "recall": 0.8792896317312512,
        "f1-score": 0.8561413635760954,
        "support": 448
    },
    "weighted_avg": {
        "precision": 0.9635593506737073,
        "recall": 0.9598214285714286,
        "f1-score": 0.9613868210686505,
        "support": 448
    },
    "micro_avg": {
        "precision": 0.9598214285714286,
        "recall": 0.9598214285714286,
        "f1-score": 0.9598214285714286
    }
}