{
    "high": {
        "precision": 0.3333333333333333,
        "recall": 0.25,
        "f1-score": 0.28571428571428575,
        "support": 8
    },
    "low": {
        "precision": 0.8,
        "recall": 0.8372093023255814,
        "f1-score": 0.8181818181818183,
        "support": 43
    },
    "medium": {
        "precision": 0.6428571428571429,
        "recall": 0.6923076923076923,
        "f1-score": 0.6666666666666666,
        "support": 26
    },
    "normal": {
        "precision": 0.9210526315789473,
        "recall": 0.875,
        "f1-score": 0.8974358974358975,
        "support": 40
    },
    "accuracy": 0.7777777777777778,
    "macro_avg": {
        "precision": 0.6743107769423559,
        "recall": 0.6636292486583184,
        "f1-score": 0.6669996669996671,
        "support": 117
    },
    "weighted_avg": {
        "precision": 0.7745560482402588,
        "recall": 0.7777777777777778,
        "f1-score": 0.7751991598145445,
        "support": 117
    },
    "micro_avg": {
        "precision": 0.7777777777777778,
        "recall": 0.7777777777777778,
        "f1-score": 0.7777777777777778
    }
}