{
    "high": {
        "precision": 0.625,
        "recall": 0.625,
        "f1-score": 0.625,
        "support": 8
    },
    "low": {
        "precision": 0.9043478260869565,
        "recall": 0.9629629629629629,
        "f1-score": 0.9327354260089685,
        "support": 108
    },
    "medium": {
        "precision": 0.9802631578947368,
        "recall": 0.9430379746835443,
        "f1-score": 0.9612903225806452,
        "support": 158
    },
    "normal": {
        "precision": 0.9884393063583815,
        "recall": 0.9827586206896551,
        "f1-score": 0.9855907780979827,
        "support": 174
    },
    "accuracy": 0.9575892857142857,
    "macro_avg": {
        "precision": 0.8745125725850187,
        "recall": 0.8784398895840406,
        "f1-score": 0.8761541316718992,
        "support": 448
    },
    "weighted_avg": {
        "precision": 0.9587937131051743,
        "recall": 0.9575892857142857,
        "f1-score": 0.957839491887856,
        "support": 448
    },
    "micro_avg": {
        "precision": 0.9575892857142857,
        "recall": 0.9575892857142857,
        "f1-score": 0.9575892857142857
    }
}