{
    "high": {
        "precision": 0.75,
        "recall": 0.75,
        "f1-score": 0.75,
        "support": 8
    },
    "low": {
        "precision": 0.8956521739130435,
        "recall": 0.9537037037037037,
        "f1-score": 0.9237668161434978,
        "support": 108
    },
    "medium": {
        "precision": 0.967741935483871,
        "recall": 0.9493670886075949,
        "f1-score": 0.9584664536741213,
        "support": 158
    },
    "normal": {
        "precision": 1.0,
        "recall": 0.9770114942528736,
        "f1-score": 0.9883720930232558,
        "support": 174
    },
    "accuracy": 0.9575892857142857,
    "macro_avg": {
        "precision": 0.9033485273492287,
        "recall": 0.907520571641043,
        "f1-score": 0.9051513407102187,
        "support": 448
    },
    "weighted_avg": {
        "precision": 0.9590037066720096,
        "recall": 0.9575892857142857,
        "f1-score": 0.9579938839510166,
        "support": 448
    },
    "micro_avg": {
        "precision": 0.9575892857142857,
        "recall": 0.9575892857142857,
        "f1-score": 0.9575892857142857
    }
}