{
    "high": {
        "precision": 0.42857142857142855,
        "recall": 0.375,
        "f1-score": 0.39999999999999997,
        "support": 8
    },
    "low": {
        "precision": 0.7647058823529411,
        "recall": 0.9069767441860465,
        "f1-score": 0.8297872340425532,
        "support": 43
    },
    "medium": {
        "precision": 0.85,
        "recall": 0.6538461538461539,
        "f1-score": 0.7391304347826088,
        "support": 26
    },
    "normal": {
        "precision": 0.9230769230769231,
        "recall": 0.9,
        "f1-score": 0.9113924050632911,
        "support": 40
    },
    "accuracy": 0.811965811965812,
    "macro_avg": {
        "precision": 0.7415885585003232,
        "recall": 0.70895572450805,
        "f1-score": 0.7200775184721132,
        "support": 117
    },
    "weighted_avg": {
        "precision": 0.8148205238702978,
        "recall": 0.811965811965812,
        "f1-score": 0.8081533211171731,
        "support": 117
    },
    "micro_avg": {
        "precision": 0.811965811965812,
        "recall": 0.811965811965812,
        "f1-score": 0.811965811965812
    }
}