{
    "high": {
        "precision": 0.8,
        "recall": 0.5,
        "f1-score": 0.6153846153846154,
        "support": 8
    },
    "low": {
        "precision": 0.8888888888888888,
        "recall": 0.9629629629629629,
        "f1-score": 0.9244444444444444,
        "support": 108
    },
    "medium": {
        "precision": 0.974025974025974,
        "recall": 0.9493670886075949,
        "f1-score": 0.9615384615384615,
        "support": 158
    },
    "normal": {
        "precision": 0.9941860465116279,
        "recall": 0.9827586206896551,
        "f1-score": 0.9884393063583815,
        "support": 174
    },
    "accuracy": 0.9575892857142857,
    "macro_avg": {
        "precision": 0.9142752273566227,
        "recall": 0.8487721680650532,
        "f1-score": 0.8724517069314757,
        "support": 448
    },
    "weighted_avg": {
        "precision": 0.9582242767614445,
        "recall": 0.9575892857142857,
        "f1-score": 0.9568629311440005,
        "support": 448
    },
    "micro_avg": {
        "precision": 0.9575892857142857,
        "recall": 0.9575892857142857,
        "f1-score": 0.9575892857142857
    }
}