{
    "high": {
        "precision": 0.75,
        "recall": 0.375,
        "f1-score": 0.5,
        "support": 8
    },
    "low": {
        "precision": 0.7954545454545454,
        "recall": 0.813953488372093,
        "f1-score": 0.8045977011494252,
        "support": 43
    },
    "medium": {
        "precision": 0.6451612903225806,
        "recall": 0.7692307692307693,
        "f1-score": 0.7017543859649122,
        "support": 26
    },
    "normal": {
        "precision": 0.8947368421052632,
        "recall": 0.85,
        "f1-score": 0.8717948717948718,
        "support": 40
    },
    "accuracy": 0.7863247863247863,
    "macro_avg": {
        "precision": 0.7713381694705973,
        "recall": 0.7020460644007156,
        "f1-score": 0.7195367397273024,
        "support": 117
    },
    "weighted_avg": {
        "precision": 0.7928907067277186,
        "recall": 0.7863247863247863,
        "f1-score": 0.783889829541093,
        "support": 117
    },
    "micro_avg": {
        "precision": 0.7863247863247863,
        "recall": 0.7863247863247863,
        "f1-score": 0.7863247863247863
    }
}