{
    "high": {
        "precision": 0.375,
        "recall": 0.75,
        "f1-score": 0.5,
        "support": 8
    },
    "low": {
        "precision": 0.9320388349514563,
        "recall": 0.8888888888888888,
        "f1-score": 0.909952606635071,
        "support": 108
    },
    "medium": {
        "precision": 0.9738562091503268,
        "recall": 0.9430379746835443,
        "f1-score": 0.9581993569131834,
        "support": 158
    },
    "normal": {
        "precision": 0.9772727272727273,
        "recall": 0.9885057471264368,
        "f1-score": 0.9828571428571428,
        "support": 174
    },
    "accuracy": 0.9441964285714286,
    "macro_avg": {
        "precision": 0.8145419428436276,
        "recall": 0.8926081526747175,
        "f1-score": 0.8377522766013493,
        "support": 448
    },
    "weighted_avg": {
        "precision": 0.9544083253704542,
        "recall": 0.9441964285714286,
        "f1-score": 0.9479632204598515,
        "support": 448
    },
    "micro_avg": {
        "precision": 0.9441964285714286,
        "recall": 0.9441964285714286,
        "f1-score": 0.9441964285714286
    }
}