{
    "high": {
        "precision": 0.375,
        "recall": 0.75,
        "f1-score": 0.5,
        "support": 8
    },
    "low": {
        "precision": 0.9259259259259259,
        "recall": 0.9259259259259259,
        "f1-score": 0.9259259259259259,
        "support": 108
    },
    "medium": {
        "precision": 0.993421052631579,
        "recall": 0.9556962025316456,
        "f1-score": 0.9741935483870968,
        "support": 158
    },
    "normal": {
        "precision": 0.9941860465116279,
        "recall": 0.9827586206896551,
        "f1-score": 0.9884393063583815,
        "support": 174
    },
    "accuracy": 0.9553571428571429,
    "macro_avg": {
        "precision": 0.8221332562672833,
        "recall": 0.9035951872868068,
        "f1-score": 0.847139695167851,
        "support": 448
    },
    "weighted_avg": {
        "precision": 0.9664037910910999,
        "recall": 0.9553571428571429,
        "f1-score": 0.959622812391785,
        "support": 448
    },
    "micro_avg": {
        "precision": 0.9553571428571429,
        "recall": 0.9553571428571429,
        "f1-score": 0.9553571428571429
    }
}