{
    "high": {
        "precision": 0.6666666666666666,
        "recall": 0.75,
        "f1-score": 0.7058823529411765,
        "support": 8
    },
    "low": {
        "precision": 0.896551724137931,
        "recall": 0.9629629629629629,
        "f1-score": 0.9285714285714286,
        "support": 108
    },
    "medium": {
        "precision": 0.9933333333333333,
        "recall": 0.9430379746835443,
        "f1-score": 0.9675324675324676,
        "support": 158
    },
    "normal": {
        "precision": 0.9884393063583815,
        "recall": 0.9827586206896551,
        "f1-score": 0.9855907780979827,
        "support": 174
    },
    "accuracy": 0.9598214285714286,
    "macro_avg": {
        "precision": 0.886247757624078,
        "recall": 0.9096898895840406,
        "f1-score": 0.8968942567857638,
        "support": 448
    },
    "weighted_avg": {
        "precision": 0.9622679140920869,
        "recall": 0.9598214285714286,
        "f1-score": 0.9604814695723718,
        "support": 448
    },
    "micro_avg": {
        "precision": 0.9598214285714286,
        "recall": 0.9598214285714286,
        "f1-score": 0.9598214285714286
    }
}