{
    "high": {
        "precision": 0.75,
        "recall": 0.375,
        "f1-score": 0.5,
        "support": 8
    },
    "low": {
        "precision": 0.7446808510638298,
        "recall": 0.813953488372093,
        "f1-score": 0.7777777777777778,
        "support": 43
    },
    "medium": {
        "precision": 0.6666666666666666,
        "recall": 0.7692307692307693,
        "f1-score": 0.7142857142857142,
        "support": 26
    },
    "normal": {
        "precision": 0.9166666666666666,
        "recall": 0.825,
        "f1-score": 0.8684210526315789,
        "support": 40
    },
    "accuracy": 0.7777777777777778,
    "macro_avg": {
        "precision": 0.7695035460992907,
        "recall": 0.6957960644007155,
        "f1-score": 0.7151211361737677,
        "support": 117
    },
    "weighted_avg": {
        "precision": 0.7865066375704672,
        "recall": 0.7777777777777778,
        "f1-score": 0.7756642318045825,
        "support": 117
    },
    "micro_avg": {
        "precision": 0.7777777777777778,
        "recall": 0.7777777777777778,
        "f1-score": 0.7777777777777778
    }
}