{
    "high": {
        "precision": 0.2857142857142857,
        "recall": 0.25,
        "f1-score": 0.26666666666666666,
        "support": 8
    },
    "low": {
        "precision": 0.7307692307692307,
        "recall": 0.8837209302325582,
        "f1-score": 0.8,
        "support": 43
    },
    "medium": {
        "precision": 0.8095238095238095,
        "recall": 0.6538461538461539,
        "f1-score": 0.7234042553191489,
        "support": 26
    },
    "normal": {
        "precision": 0.8918918918918919,
        "recall": 0.825,
        "f1-score": 0.8571428571428571,
        "support": 40
    },
    "accuracy": 0.7692307692307693,
    "macro_avg": {
        "precision": 0.6794748044748045,
        "recall": 0.6531417710196781,
        "f1-score": 0.6618034447821681,
        "support": 117
    },
    "weighted_avg": {
        "precision": 0.7729238113853498,
        "recall": 0.7692307692307693,
        "f1-score": 0.7660475064730384,
        "support": 117
    },
    "micro_avg": {
        "precision": 0.7692307692307693,
        "recall": 0.7692307692307693,
        "f1-score": 0.7692307692307693
    }
}