{
    "high": {
        "precision": 0.75,
        "recall": 0.375,
        "f1-score": 0.5,
        "support": 8
    },
    "low": {
        "precision": 0.7708333333333334,
        "recall": 0.8604651162790697,
        "f1-score": 0.8131868131868132,
        "support": 43
    },
    "medium": {
        "precision": 0.7692307692307693,
        "recall": 0.7692307692307693,
        "f1-score": 0.7692307692307693,
        "support": 26
    },
    "normal": {
        "precision": 0.8717948717948718,
        "recall": 0.85,
        "f1-score": 0.8607594936708861,
        "support": 40
    },
    "accuracy": 0.8034188034188035,
    "macro_avg": {
        "precision": 0.7904647435897436,
        "recall": 0.7136739713774598,
        "f1-score": 0.7357942690221172,
        "support": 117
    },
    "weighted_avg": {
        "precision": 0.8035694718387026,
        "recall": 0.8034188034188035,
        "f1-score": 0.798268484733918,
        "support": 117
    },
    "micro_avg": {
        "precision": 0.8034188034188035,
        "recall": 0.8034188034188035,
        "f1-score": 0.8034188034188035
    }
}