{
    "high": {
        "precision": 0.6666666666666666,
        "recall": 0.5,
        "f1-score": 0.5714285714285715,
        "support": 8
    },
    "low": {
        "precision": 0.8205128205128205,
        "recall": 0.7441860465116279,
        "f1-score": 0.7804878048780488,
        "support": 43
    },
    "medium": {
        "precision": 0.6666666666666666,
        "recall": 0.7692307692307693,
        "f1-score": 0.7142857142857142,
        "support": 26
    },
    "normal": {
        "precision": 0.8571428571428571,
        "recall": 0.9,
        "f1-score": 0.8780487804878048,
        "support": 40
    },
    "accuracy": 0.7863247863247863,
    "macro_avg": {
        "precision": 0.7527472527472527,
        "recall": 0.7283542039355992,
        "f1-score": 0.7360627177700347,
        "support": 117
    },
    "weighted_avg": {
        "precision": 0.7883284806361729,
        "recall": 0.7863247863247863,
        "f1-score": 0.7848357604455165,
        "support": 117
    },
    "micro_avg": {
        "precision": 0.7863247863247863,
        "recall": 0.7863247863247863,
        "f1-score": 0.7863247863247863
    }
}