{
    "high": {
        "precision": 0.6666666666666666,
        "recall": 0.5,
        "f1-score": 0.5714285714285715,
        "support": 8
    },
    "low": {
        "precision": 0.8125,
        "recall": 0.9069767441860465,
        "f1-score": 0.8571428571428572,
        "support": 43
    },
    "medium": {
        "precision": 0.7727272727272727,
        "recall": 0.6538461538461539,
        "f1-score": 0.7083333333333333,
        "support": 26
    },
    "normal": {
        "precision": 0.8536585365853658,
        "recall": 0.875,
        "f1-score": 0.8641975308641976,
        "support": 40
    },
    "accuracy": 0.811965811965812,
    "macro_avg": {
        "precision": 0.7763881189948263,
        "recall": 0.73395572450805,
        "f1-score": 0.7502755731922399,
        "support": 117
    },
    "weighted_avg": {
        "precision": 0.8077614007492055,
        "recall": 0.811965811965812,
        "f1-score": 0.8069499088017607,
        "support": 117
    },
    "micro_avg": {
        "precision": 0.811965811965812,
        "recall": 0.811965811965812,
        "f1-score": 0.811965811965812
    }
}