{
    "high": {
        "precision": 0.5454545454545454,
        "recall": 0.75,
        "f1-score": 0.631578947368421,
        "support": 8
    },
    "low": {
        "precision": 0.9259259259259259,
        "recall": 0.9259259259259259,
        "f1-score": 0.9259259259259259,
        "support": 108
    },
    "medium": {
        "precision": 0.9741935483870968,
        "recall": 0.9556962025316456,
        "f1-score": 0.9648562300319489,
        "support": 158
    },
    "normal": {
        "precision": 0.9885057471264368,
        "recall": 0.9885057471264368,
        "f1-score": 0.9885057471264368,
        "support": 174
    },
    "accuracy": 0.9575892857142857,
    "macro_avg": {
        "precision": 0.8585199417235012,
        "recall": 0.9050319688960021,
        "f1-score": 0.8777167126131831,
        "support": 448
    },
    "weighted_avg": {
        "precision": 0.9604603058232091,
        "recall": 0.9575892857142857,
        "f1-score": 0.9587051694732038,
        "support": 448
    },
    "micro_avg": {
        "precision": 0.9575892857142857,
        "recall": 0.9575892857142857,
        "f1-score": 0.9575892857142857
    }
}