{
    "high": {
        "precision": 0.8333333333333334,
        "recall": 0.625,
        "f1-score": 0.7142857142857143,
        "support": 8
    },
    "low": {
        "precision": 0.9043478260869565,
        "recall": 0.9629629629629629,
        "f1-score": 0.9327354260089685,
        "support": 108
    },
    "medium": {
        "precision": 0.9867549668874173,
        "recall": 0.9430379746835443,
        "f1-score": 0.964401294498382,
        "support": 158
    },
    "normal": {
        "precision": 0.9715909090909091,
        "recall": 0.9827586206896551,
        "f1-score": 0.9771428571428572,
        "support": 174
    },
    "accuracy": 0.9575892857142857,
    "macro_avg": {
        "precision": 0.9240067588496541,
        "recall": 0.8784398895840406,
        "f1-score": 0.8971413229839805,
        "support": 448
    },
    "weighted_avg": {
        "precision": 0.9582596759689467,
        "recall": 0.9575892857142857,
        "f1-score": 0.9572499406179817,
        "support": 448
    },
    "micro_avg": {
        "precision": 0.9575892857142857,
        "recall": 0.9575892857142857,
        "f1-score": 0.9575892857142857
    }
}