{
    "high": {
        "precision": 0.5,
        "recall": 0.75,
        "f1-score": 0.6,
        "support": 8
    },
    "low": {
        "precision": 0.9279279279279279,
        "recall": 0.9537037037037037,
        "f1-score": 0.9406392694063928,
        "support": 108
    },
    "medium": {
        "precision": 0.9866666666666667,
        "recall": 0.9367088607594937,
        "f1-score": 0.961038961038961,
        "support": 158
    },
    "normal": {
        "precision": 0.9828571428571429,
        "recall": 0.9885057471264368,
        "f1-score": 0.98567335243553,
        "support": 174
    },
    "accuracy": 0.9575892857142857,
    "macro_avg": {
        "precision": 0.8493629343629343,
        "recall": 0.9072295778974085,
        "f1-score": 0.871837895720221,
        "support": 448
    },
    "weighted_avg": {
        "precision": 0.9623363669792242,
        "recall": 0.9575892857142857,
        "f1-score": 0.9592418755889028,
        "support": 448
    },
    "micro_avg": {
        "precision": 0.9575892857142857,
        "recall": 0.9575892857142857,
        "f1-score": 0.9575892857142857
    }
}