{
    "high": {
        "precision": 0.75,
        "recall": 0.375,
        "f1-score": 0.5,
        "support": 8
    },
    "low": {
        "precision": 0.8048780487804879,
        "recall": 0.7674418604651163,
        "f1-score": 0.7857142857142858,
        "support": 43
    },
    "medium": {
        "precision": 0.625,
        "recall": 0.7692307692307693,
        "f1-score": 0.6896551724137931,
        "support": 26
    },
    "normal": {
        "precision": 0.875,
        "recall": 0.875,
        "f1-score": 0.875,
        "support": 40
    },
    "accuracy": 0.7777777777777778,
    "macro_avg": {
        "precision": 0.7637195121951219,
        "recall": 0.6966681574239714,
        "f1-score": 0.7125923645320198,
        "support": 117
    },
    "weighted_avg": {
        "precision": 0.7851261204919742,
        "recall": 0.7777777777777778,
        "f1-score": 0.7753568270809651,
        "support": 117
    },
    "micro_avg": {
        "precision": 0.7777777777777778,
        "recall": 0.7777777777777778,
        "f1-score": 0.7777777777777778
    }
}