{
    "high": {
        "precision": 0.5714285714285714,
        "recall": 0.5,
        "f1-score": 0.5333333333333333,
        "support": 8
    },
    "low": {
        "precision": 0.9026548672566371,
        "recall": 0.9444444444444444,
        "f1-score": 0.9230769230769231,
        "support": 108
    },
    "medium": {
        "precision": 0.9493670886075949,
        "recall": 0.9493670886075949,
        "f1-score": 0.9493670886075949,
        "support": 158
    },
    "normal": {
        "precision": 1.0,
        "recall": 0.9770114942528736,
        "f1-score": 0.9883720930232558,
        "support": 174
    },
    "accuracy": 0.9508928571428571,
    "macro_avg": {
        "precision": 0.8558626318232008,
        "recall": 0.8427057568262282,
        "f1-score": 0.8485373595102768,
        "support": 448
    },
    "weighted_avg": {
        "precision": 0.9510226657034495,
        "recall": 0.9508928571428571,
        "f1-score": 0.9507493717522788,
        "support": 448
    },
    "micro_avg": {
        "precision": 0.9508928571428571,
        "recall": 0.9508928571428571,
        "f1-score": 0.9508928571428571
    }
}