{
    "high": {
        "precision": 0.625,
        "recall": 0.625,
        "f1-score": 0.625,
        "support": 8
    },
    "low": {
        "precision": 0.9259259259259259,
        "recall": 0.9259259259259259,
        "f1-score": 0.9259259259259259,
        "support": 108
    },
    "medium": {
        "precision": 0.9741935483870968,
        "recall": 0.9556962025316456,
        "f1-score": 0.9648562300319489,
        "support": 158
    },
    "normal": {
        "precision": 0.9717514124293786,
        "recall": 0.9885057471264368,
        "f1-score": 0.98005698005698,
        "support": 174
    },
    "accuracy": 0.9553571428571429,
    "macro_avg": {
        "precision": 0.8742177216856003,
        "recall": 0.8737819688960021,
        "f1-score": 0.8739597840037137,
        "support": 448
    },
    "weighted_avg": {
        "precision": 0.9553734964461454,
        "recall": 0.9553571428571429,
        "f1-score": 0.9553062474887556,
        "support": 448
    },
    "micro_avg": {
        "precision": 0.9553571428571429,
        "recall": 0.9553571428571429,
        "f1-score": 0.9553571428571429
    }
}