{
    "high": {
        "precision": 0.6666666666666666,
        "recall": 0.25,
        "f1-score": 0.36363636363636365,
        "support": 8
    },
    "low": {
        "precision": 0.813953488372093,
        "recall": 0.813953488372093,
        "f1-score": 0.8139534883720931,
        "support": 43
    },
    "medium": {
        "precision": 0.8181818181818182,
        "recall": 0.6923076923076923,
        "f1-score": 0.7500000000000001,
        "support": 26
    },
    "normal": {
        "precision": 0.7959183673469388,
        "recall": 0.975,
        "f1-score": 0.8764044943820225,
        "support": 40
    },
    "accuracy": 0.8034188034188035,
    "macro_avg": {
        "precision": 0.7736800851418792,
        "recall": 0.6828152951699463,
        "f1-score": 0.7009985865976198,
        "support": 117
    },
    "weighted_avg": {
        "precision": 0.7986563700849415,
        "recall": 0.8034188034188035,
        "f1-score": 0.7903014588407848,
        "support": 117
    },
    "micro_avg": {
        "precision": 0.8034188034188035,
        "recall": 0.8034188034188035,
        "f1-score": 0.8034188034188035
    }
}