{
    "high": {
        "precision": 0.42857142857142855,
        "recall": 0.375,
        "f1-score": 0.39999999999999997,
        "support": 8
    },
    "low": {
        "precision": 0.813953488372093,
        "recall": 0.813953488372093,
        "f1-score": 0.8139534883720931,
        "support": 43
    },
    "medium": {
        "precision": 0.6428571428571429,
        "recall": 0.6923076923076923,
        "f1-score": 0.6666666666666666,
        "support": 26
    },
    "normal": {
        "precision": 0.9487179487179487,
        "recall": 0.925,
        "f1-score": 0.9367088607594937,
        "support": 40
    },
    "accuracy": 0.7948717948717948,
    "macro_avg": {
        "precision": 0.7085250021296532,
        "recall": 0.7015652951699464,
        "f1-score": 0.7043322539495633,
        "support": 117
    },
    "weighted_avg": {
        "precision": 0.7956544879621803,
        "recall": 0.7948717948717948,
        "f1-score": 0.794886220202676,
        "support": 117
    },
    "micro_avg": {
        "precision": 0.7948717948717948,
        "recall": 0.7948717948717948,
        "f1-score": 0.7948717948717948
    }
}