{
    "high": {
        "precision": 0.7142857142857143,
        "recall": 0.625,
        "f1-score": 0.6666666666666666,
        "support": 8
    },
    "low": {
        "precision": 0.9279279279279279,
        "recall": 0.9537037037037037,
        "f1-score": 0.9406392694063928,
        "support": 108
    },
    "medium": {
        "precision": 0.967948717948718,
        "recall": 0.9556962025316456,
        "f1-score": 0.9617834394904459,
        "support": 158
    },
    "normal": {
        "precision": 0.9885057471264368,
        "recall": 0.9885057471264368,
        "f1-score": 0.9885057471264368,
        "support": 174
    },
    "accuracy": 0.9620535714285714,
    "macro_avg": {
        "precision": 0.8996670268221992,
        "recall": 0.8807264133404465,
        "f1-score": 0.8893987806724855,
        "support": 448
    },
    "weighted_avg": {
        "precision": 0.9617553557285701,
        "recall": 0.9620535714285714,
        "f1-score": 0.9617949952426657,
        "support": 448
    },
    "micro_avg": {
        "precision": 0.9620535714285714,
        "recall": 0.9620535714285714,
        "f1-score": 0.9620535714285714
    }
}