{
    "high": {
        "precision": 0.375,
        "recall": 0.75,
        "f1-score": 0.5,
        "support": 8
    },
    "low": {
        "precision": 0.9107142857142857,
        "recall": 0.9444444444444444,
        "f1-score": 0.9272727272727271,
        "support": 108
    },
    "medium": {
        "precision": 1.0,
        "recall": 0.9430379746835443,
        "f1-score": 0.9706840390879479,
        "support": 158
    },
    "normal": {
        "precision": 0.9941520467836257,
        "recall": 0.9770114942528736,
        "f1-score": 0.9855072463768115,
        "support": 174
    },
    "accuracy": 0.953125,
    "macro_avg": {
        "precision": 0.8199665831244778,
        "recall": 0.9036234783452155,
        "f1-score": 0.8458660031843717,
        "support": 448
    },
    "weighted_avg": {
        "precision": 0.965043747762263,
        "recall": 0.953125,
        "f1-score": 0.9575709678368651,
        "support": 448
    },
    "micro_avg": {
        "precision": 0.953125,
        "recall": 0.953125,
        "f1-score": 0.953125
    }
}