{
    "high": {
        "precision": 0.3125,
        "recall": 0.625,
        "f1-score": 0.4166666666666667,
        "support": 8
    },
    "low": {
        "precision": 0.9166666666666666,
        "recall": 0.9166666666666666,
        "f1-score": 0.9166666666666666,
        "support": 108
    },
    "medium": {
        "precision": 0.9736842105263158,
        "recall": 0.9367088607594937,
        "f1-score": 0.9548387096774194,
        "support": 158
    },
    "normal": {
        "precision": 0.9883720930232558,
        "recall": 0.9770114942528736,
        "f1-score": 0.9826589595375722,
        "support": 174
    },
    "accuracy": 0.9419642857142857,
    "macro_avg": {
        "precision": 0.7978057425540596,
        "recall": 0.8638467554197584,
        "f1-score": 0.8177077506370812,
        "support": 448
    },
    "weighted_avg": {
        "precision": 0.9538367175205457,
        "recall": 0.9419642857142857,
        "f1-score": 0.9468314920131766,
        "support": 448
    },
    "micro_avg": {
        "precision": 0.9419642857142857,
        "recall": 0.9419642857142857,
        "f1-score": 0.9419642857142857
    }
}