{
    "high": {
        "precision": 0.8,
        "recall": 0.5,
        "f1-score": 0.6153846153846154,
        "support": 8
    },
    "low": {
        "precision": 0.7906976744186046,
        "recall": 0.7906976744186046,
        "f1-score": 0.7906976744186046,
        "support": 43
    },
    "medium": {
        "precision": 0.6896551724137931,
        "recall": 0.7692307692307693,
        "f1-score": 0.7272727272727274,
        "support": 26
    },
    "normal": {
        "precision": 0.875,
        "recall": 0.875,
        "f1-score": 0.875,
        "support": 40
    },
    "accuracy": 0.7948717948717948,
    "macro_avg": {
        "precision": 0.7888382117080994,
        "recall": 0.7337321109123435,
        "f1-score": 0.7520887542689869,
        "support": 117
    },
    "weighted_avg": {
        "precision": 0.7977011494252874,
        "recall": 0.7948717948717948,
        "f1-score": 0.7934373318988704,
        "support": 117
    },
    "micro_avg": {
        "precision": 0.7948717948717948,
        "recall": 0.7948717948717948,
        "f1-score": 0.7948717948717948
    }
}