{
    "high": {
        "precision": 0.5,
        "recall": 0.75,
        "f1-score": 0.6,
        "support": 8
    },
    "low": {
        "precision": 0.9519230769230769,
        "recall": 0.9166666666666666,
        "f1-score": 0.9339622641509433,
        "support": 108
    },
    "medium": {
        "precision": 0.95,
        "recall": 0.9620253164556962,
        "f1-score": 0.9559748427672956,
        "support": 158
    },
    "normal": {
        "precision": 0.9825581395348837,
        "recall": 0.9712643678160919,
        "f1-score": 0.976878612716763,
        "support": 174
    },
    "accuracy": 0.9508928571428571,
    "macro_avg": {
        "precision": 0.8461203041144901,
        "recall": 0.8999890877346137,
        "f1-score": 0.8667039299087504,
        "support": 448
    },
    "weighted_avg": {
        "precision": 0.9550732334525939,
        "recall": 0.9508928571428571,
        "f1-score": 0.9524304203085967,
        "support": 448
    },
    "micro_avg": {
        "precision": 0.9508928571428571,
        "recall": 0.9508928571428571,
        "f1-score": 0.9508928571428571
    }
}