{
    "high": {
        "precision": 0.5555555555555556,
        "recall": 0.625,
        "f1-score": 0.5882352941176471,
        "support": 8
    },
    "low": {
        "precision": 0.9107142857142857,
        "recall": 0.9444444444444444,
        "f1-score": 0.9272727272727271,
        "support": 108
    },
    "medium": {
        "precision": 0.9617834394904459,
        "recall": 0.9556962025316456,
        "f1-score": 0.9587301587301587,
        "support": 158
    },
    "normal": {
        "precision": 0.9941176470588236,
        "recall": 0.9712643678160919,
        "f1-score": 0.9825581395348837,
        "support": 174
    },
    "accuracy": 0.953125,
    "macro_avg": {
        "precision": 0.8555427319547777,
        "recall": 0.8741012536980455,
        "f1-score": 0.8641990799138541,
        "support": 448
    },
    "weighted_avg": {
        "precision": 0.9547764315386453,
        "recall": 0.953125,
        "f1-score": 0.9537853086089968,
        "support": 448
    },
    "micro_avg": {
        "precision": 0.953125,
        "recall": 0.953125,
        "f1-score": 0.953125
    }
}