{
    "high": {
        "precision": 0.4444444444444444,
        "recall": 0.5,
        "f1-score": 0.47058823529411764,
        "support": 8
    },
    "low": {
        "precision": 0.7727272727272727,
        "recall": 0.7906976744186046,
        "f1-score": 0.7816091954022988,
        "support": 43
    },
    "medium": {
        "precision": 0.72,
        "recall": 0.6923076923076923,
        "f1-score": 0.7058823529411765,
        "support": 26
    },
    "normal": {
        "precision": 0.8974358974358975,
        "recall": 0.875,
        "f1-score": 0.8860759493670887,
        "support": 40
    },
    "accuracy": 0.7777777777777778,
    "macro_avg": {
        "precision": 0.7086519036519037,
        "recall": 0.7145013416815742,
        "f1-score": 0.7110389332511704,
        "support": 117
    },
    "weighted_avg": {
        "precision": 0.7811988391475571,
        "recall": 0.7777777777777778,
        "f1-score": 0.7792297473145805,
        "support": 117
    },
    "micro_avg": {
        "precision": 0.7777777777777778,
        "recall": 0.7777777777777778,
        "f1-score": 0.7777777777777778
    }
}