{
    "high": {
        "precision": 0.5,
        "recall": 0.375,
        "f1-score": 0.42857142857142855,
        "support": 8
    },
    "low": {
        "precision": 0.8125,
        "recall": 0.9069767441860465,
        "f1-score": 0.8571428571428572,
        "support": 43
    },
    "medium": {
        "precision": 0.8571428571428571,
        "recall": 0.6923076923076923,
        "f1-score": 0.7659574468085107,
        "support": 26
    },
    "normal": {
        "precision": 0.8571428571428571,
        "recall": 0.9,
        "f1-score": 0.8780487804878048,
        "support": 40
    },
    "accuracy": 0.8205128205128205,
    "macro_avg": {
        "precision": 0.7566964285714286,
        "recall": 0.7185711091234347,
        "f1-score": 0.7324301282526503,
        "support": 117
    },
    "weighted_avg": {
        "precision": 0.8163156288156288,
        "recall": 0.8205128205128205,
        "f1-score": 0.8147227275405791,
        "support": 117
    },
    "micro_avg": {
        "precision": 0.8205128205128205,
        "recall": 0.8205128205128205,
        "f1-score": 0.8205128205128205
    }
}