{
    "high": {
        "precision": 0.5555555555555556,
        "recall": 0.625,
        "f1-score": 0.5882352941176471,
        "support": 8
    },
    "low": {
        "precision": 0.9351851851851852,
        "recall": 0.9351851851851852,
        "f1-score": 0.9351851851851852,
        "support": 108
    },
    "medium": {
        "precision": 0.9620253164556962,
        "recall": 0.9620253164556962,
        "f1-score": 0.9620253164556962,
        "support": 158
    },
    "normal": {
        "precision": 0.9942196531791907,
        "recall": 0.9885057471264368,
        "f1-score": 0.9913544668587896,
        "support": 174
    },
    "accuracy": 0.9598214285714286,
    "macro_avg": {
        "precision": 0.8617464275939071,
        "recall": 0.8776790621918295,
        "f1-score": 0.8692000656543296,
        "support": 448
    },
    "weighted_avg": {
        "precision": 0.9608005895036242,
        "recall": 0.9598214285714286,
        "f1-score": 0.9602713383624343,
        "support": 448
    },
    "micro_avg": {
        "precision": 0.9598214285714286,
        "recall": 0.9598214285714286,
        "f1-score": 0.9598214285714286
    }
}