{
    "high": {
        "precision": 0.6666666666666666,
        "recall": 0.5,
        "f1-score": 0.5714285714285715,
        "support": 8
    },
    "low": {
        "precision": 0.8833333333333333,
        "recall": 0.9814814814814815,
        "f1-score": 0.9298245614035088,
        "support": 108
    },
    "medium": {
        "precision": 0.9867549668874173,
        "recall": 0.9430379746835443,
        "f1-score": 0.964401294498382,
        "support": 158
    },
    "normal": {
        "precision": 0.9941520467836257,
        "recall": 0.9770114942528736,
        "f1-score": 0.9855072463768115,
        "support": 174
    },
    "accuracy": 0.9575892857142857,
    "macro_avg": {
        "precision": 0.8827267534177606,
        "recall": 0.8503827376044748,
        "f1-score": 0.8627904184268185,
        "support": 448
    },
    "weighted_avg": {
        "precision": 0.9589800764328038,
        "recall": 0.9575892857142857,
        "f1-score": 0.957245862953833,
        "support": 448
    },
    "micro_avg": {
        "precision": 0.9575892857142857,
        "recall": 0.9575892857142857,
        "f1-score": 0.9575892857142857
    }
}