{
    "high": {
        "precision": 0.42857142857142855,
        "recall": 0.375,
        "f1-score": 0.39999999999999997,
        "support": 8
    },
    "low": {
        "precision": 0.7659574468085106,
        "recall": 0.8372093023255814,
        "f1-score": 0.8,
        "support": 43
    },
    "medium": {
        "precision": 0.782608695652174,
        "recall": 0.6923076923076923,
        "f1-score": 0.7346938775510203,
        "support": 26
    },
    "normal": {
        "precision": 0.875,
        "recall": 0.875,
        "f1-score": 0.875,
        "support": 40
    },
    "accuracy": 0.7863247863247863,
    "macro_avg": {
        "precision": 0.7130343927580283,
        "recall": 0.6948792486583184,
        "f1-score": 0.7024234693877551,
        "support": 117
    },
    "weighted_avg": {
        "precision": 0.7838681002418284,
        "recall": 0.7863247863247863,
        "f1-score": 0.7837781266352695,
        "support": 117
    },
    "micro_avg": {
        "precision": 0.7863247863247863,
        "recall": 0.7863247863247863,
        "f1-score": 0.7863247863247863
    }
}