{
    "high": {
        "precision": 0.6,
        "recall": 0.375,
        "f1-score": 0.4615384615384615,
        "support": 8
    },
    "low": {
        "precision": 0.9272727272727272,
        "recall": 0.9444444444444444,
        "f1-score": 0.9357798165137615,
        "support": 108
    },
    "medium": {
        "precision": 0.9556962025316456,
        "recall": 0.9556962025316456,
        "f1-score": 0.9556962025316456,
        "support": 158
    },
    "normal": {
        "precision": 0.9828571428571429,
        "recall": 0.9885057471264368,
        "f1-score": 0.98567335243553,
        "support": 174
    },
    "accuracy": 0.9553571428571429,
    "macro_avg": {
        "precision": 0.8664565181653789,
        "recall": 0.8159115985256317,
        "f1-score": 0.8346719582548496,
        "support": 448
    },
    "weighted_avg": {
        "precision": 0.9530415120593692,
        "recall": 0.9553571428571429,
        "f1-score": 0.9537135964276253,
        "support": 448
    },
    "micro_avg": {
        "precision": 0.9553571428571429,
        "recall": 0.9553571428571429,
        "f1-score": 0.9553571428571429
    }
}