{
    "high": {
        "precision": 0.45454545454545453,
        "recall": 0.625,
        "f1-score": 0.5263157894736842,
        "support": 8
    },
    "low": {
        "precision": 0.9433962264150944,
        "recall": 0.9259259259259259,
        "f1-score": 0.9345794392523364,
        "support": 108
    },
    "medium": {
        "precision": 0.9615384615384616,
        "recall": 0.9493670886075949,
        "f1-score": 0.9554140127388535,
        "support": 158
    },
    "normal": {
        "precision": 0.9828571428571429,
        "recall": 0.9885057471264368,
        "f1-score": 0.98567335243553,
        "support": 174
    },
    "accuracy": 0.953125,
    "macro_avg": {
        "precision": 0.8355843213390384,
        "recall": 0.8721996904149895,
        "f1-score": 0.850495648475101,
        "support": 448
    },
    "weighted_avg": {
        "precision": 0.9563914639942269,
        "recall": 0.953125,
        "f1-score": 0.9544814354722385,
        "support": 448
    },
    "micro_avg": {
        "precision": 0.953125,
        "recall": 0.953125,
        "f1-score": 0.953125
    }
}