{
    "high": {
        "precision": 0.46153846153846156,
        "recall": 0.75,
        "f1-score": 0.5714285714285714,
        "support": 8
    },
    "low": {
        "precision": 0.911504424778761,
        "recall": 0.9537037037037037,
        "f1-score": 0.9321266968325793,
        "support": 108
    },
    "medium": {
        "precision": 0.9865771812080537,
        "recall": 0.930379746835443,
        "f1-score": 0.9576547231270359,
        "support": 158
    },
    "normal": {
        "precision": 0.9884393063583815,
        "recall": 0.9827586206896551,
        "f1-score": 0.9855907780979827,
        "support": 174
    },
    "accuracy": 0.953125,
    "macro_avg": {
        "precision": 0.8370148434709145,
        "recall": 0.9042105178072005,
        "f1-score": 0.8617001923715423,
        "support": 448
    },
    "weighted_avg": {
        "precision": 0.9598268292536714,
        "recall": 0.953125,
        "f1-score": 0.9554539140010442,
        "support": 448
    },
    "micro_avg": {
        "precision": 0.953125,
        "recall": 0.953125,
        "f1-score": 0.953125
    }
}