{
    "high": {
        "precision": 0.5,
        "recall": 0.25,
        "f1-score": 0.3333333333333333,
        "support": 8
    },
    "low": {
        "precision": 0.782608695652174,
        "recall": 0.8372093023255814,
        "f1-score": 0.8089887640449438,
        "support": 43
    },
    "medium": {
        "precision": 0.6551724137931034,
        "recall": 0.7307692307692307,
        "f1-score": 0.6909090909090909,
        "support": 26
    },
    "normal": {
        "precision": 0.8947368421052632,
        "recall": 0.85,
        "f1-score": 0.8717948717948718,
        "support": 40
    },
    "accuracy": 0.7777777777777778,
    "macro_avg": {
        "precision": 0.7081294878876351,
        "recall": 0.6669946332737031,
        "f1-score": 0.67625651502056,
        "support": 117
    },
    "weighted_avg": {
        "precision": 0.7733002594519204,
        "recall": 0.7777777777777778,
        "f1-score": 0.7716975620173545,
        "support": 117
    },
    "micro_avg": {
        "precision": 0.7777777777777778,
        "recall": 0.7777777777777778,
        "f1-score": 0.7777777777777778
    }
}