{
    "high": {
        "precision": 0.4444444444444444,
        "recall": 0.5,
        "f1-score": 0.47058823529411764,
        "support": 8
    },
    "low": {
        "precision": 0.7906976744186046,
        "recall": 0.7906976744186046,
        "f1-score": 0.7906976744186046,
        "support": 43
    },
    "medium": {
        "precision": 0.7391304347826086,
        "recall": 0.6538461538461539,
        "f1-score": 0.693877551020408,
        "support": 26
    },
    "normal": {
        "precision": 0.8571428571428571,
        "recall": 0.9,
        "f1-score": 0.8780487804878048,
        "support": 40
    },
    "accuracy": 0.7777777777777778,
    "macro_avg": {
        "precision": 0.7078538526971286,
        "recall": 0.7111359570661896,
        "f1-score": 0.7083030603052338,
        "support": 117
    },
    "weighted_avg": {
        "precision": 0.7782791550907493,
        "recall": 0.7777777777777778,
        "f1-score": 0.7771578925503909,
        "support": 117
    },
    "micro_avg": {
        "precision": 0.7777777777777778,
        "recall": 0.7777777777777778,
        "f1-score": 0.7777777777777778
    }
}