{
    "high": {
        "precision": 0.6666666666666666,
        "recall": 0.5,
        "f1-score": 0.5714285714285715,
        "support": 8
    },
    "low": {
        "precision": 0.8181818181818182,
        "recall": 0.8372093023255814,
        "f1-score": 0.8275862068965518,
        "support": 43
    },
    "medium": {
        "precision": 0.8,
        "recall": 0.7692307692307693,
        "f1-score": 0.7843137254901961,
        "support": 26
    },
    "normal": {
        "precision": 0.8571428571428571,
        "recall": 0.9,
        "f1-score": 0.8780487804878048,
        "support": 40
    },
    "accuracy": 0.8205128205128205,
    "macro_avg": {
        "precision": 0.7854978354978356,
        "recall": 0.7516100178890877,
        "f1-score": 0.765344321075781,
        "support": 117
    },
    "weighted_avg": {
        "precision": 0.8171014171014173,
        "recall": 0.8205128205128205,
        "f1-score": 0.8177072098310905,
        "support": 117
    },
    "micro_avg": {
        "precision": 0.8205128205128205,
        "recall": 0.8205128205128205,
        "f1-score": 0.8205128205128205
    }
}