{
    "high": {
        "precision": 0.38461538461538464,
        "recall": 0.625,
        "f1-score": 0.4761904761904762,
        "support": 8
    },
    "low": {
        "precision": 0.9611650485436893,
        "recall": 0.9166666666666666,
        "f1-score": 0.9383886255924171,
        "support": 108
    },
    "medium": {
        "precision": 0.9615384615384616,
        "recall": 0.9493670886075949,
        "f1-score": 0.9554140127388535,
        "support": 158
    },
    "normal": {
        "precision": 0.9829545454545454,
        "recall": 0.9942528735632183,
        "f1-score": 0.9885714285714285,
        "support": 174
    },
    "accuracy": 0.953125,
    "macro_avg": {
        "precision": 0.8225683600380203,
        "recall": 0.87132165720937,
        "f1-score": 0.8396411357732938,
        "support": 448
    },
    "weighted_avg": {
        "precision": 0.9594640985531458,
        "recall": 0.953125,
        "f1-score": 0.9556302186555186,
        "support": 448
    },
    "micro_avg": {
        "precision": 0.953125,
        "recall": 0.953125,
        "f1-score": 0.953125
    }
}