{
    "high": {
        "precision": 0.3333333333333333,
        "recall": 0.25,
        "f1-score": 0.28571428571428575,
        "support": 8
    },
    "low": {
        "precision": 0.7222222222222222,
        "recall": 0.9069767441860465,
        "f1-score": 0.8041237113402061,
        "support": 43
    },
    "medium": {
        "precision": 0.7142857142857143,
        "recall": 0.5769230769230769,
        "f1-score": 0.6382978723404256,
        "support": 26
    },
    "normal": {
        "precision": 0.8888888888888888,
        "recall": 0.8,
        "f1-score": 0.8421052631578948,
        "support": 40
    },
    "accuracy": 0.7521367521367521,
    "macro_avg": {
        "precision": 0.6646825396825397,
        "recall": 0.6334749552772808,
        "f1-score": 0.642560283138203,
        "support": 117
    },
    "weighted_avg": {
        "precision": 0.7508479175145842,
        "recall": 0.7521367521367521,
        "f1-score": 0.7448118724829915,
        "support": 117
    },
    "micro_avg": {
        "precision": 0.7521367521367521,
        "recall": 0.7521367521367521,
        "f1-score": 0.752136752136752
    }
}