{
    "high": {
        "precision": 0.5,
        "recall": 0.75,
        "f1-score": 0.6,
        "support": 8
    },
    "low": {
        "precision": 0.9166666666666666,
        "recall": 0.9166666666666666,
        "f1-score": 0.9166666666666666,
        "support": 108
    },
    "medium": {
        "precision": 0.9617834394904459,
        "recall": 0.9556962025316456,
        "f1-score": 0.9587301587301587,
        "support": 158
    },
    "normal": {
        "precision": 1.0,
        "recall": 0.9827586206896551,
        "f1-score": 0.9913043478260869,
        "support": 174
    },
    "accuracy": 0.953125,
    "macro_avg": {
        "precision": 0.8446125265392781,
        "recall": 0.9012803724719919,
        "f1-score": 0.8666752933057281,
        "support": 448
    },
    "weighted_avg": {
        "precision": 0.9575039808917197,
        "recall": 0.953125,
        "f1-score": 0.954835539288179,
        "support": 448
    },
    "micro_avg": {
        "precision": 0.953125,
        "recall": 0.953125,
        "f1-score": 0.953125
    }
}