{
    "high": {
        "precision": 0.0,
        "recall": 0.0,
        "f1-score": 0.0,
        "support": 8
    },
    "low": {
        "precision": 0.7090909090909091,
        "recall": 0.9069767441860465,
        "f1-score": 0.7959183673469388,
        "support": 43
    },
    "medium": {
        "precision": 0.6551724137931034,
        "recall": 0.7307692307692307,
        "f1-score": 0.6909090909090909,
        "support": 26
    },
    "normal": {
        "precision": 0.9696969696969697,
        "recall": 0.8,
        "f1-score": 0.8767123287671234,
        "support": 40
    },
    "accuracy": 0.7692307692307693,
    "macro_avg": {
        "precision": 0.5834900731452456,
        "recall": 0.6094364937388193,
        "f1-score": 0.5908849467557883,
        "support": 117
    },
    "weighted_avg": {
        "precision": 0.737720261858193,
        "recall": 0.7692307692307693,
        "f1-score": 0.7457830710276895,
        "support": 117
    },
    "micro_avg": {
        "precision": 0.7692307692307693,
        "recall": 0.7692307692307693,
        "f1-score": 0.7692307692307693
    }
}