{
    "high": {
        "precision": 0.45454545454545453,
        "recall": 0.625,
        "f1-score": 0.5263157894736842,
        "support": 8
    },
    "low": {
        "precision": 0.926605504587156,
        "recall": 0.9351851851851852,
        "f1-score": 0.9308755760368663,
        "support": 108
    },
    "medium": {
        "precision": 0.967741935483871,
        "recall": 0.9493670886075949,
        "f1-score": 0.9584664536741213,
        "support": 158
    },
    "normal": {
        "precision": 0.9942196531791907,
        "recall": 0.9885057471264368,
        "f1-score": 0.9913544668587896,
        "support": 174
    },
    "accuracy": 0.9553571428571429,
    "macro_avg": {
        "precision": 0.8357781369489181,
        "recall": 0.8745145052298041,
        "f1-score": 0.8517530715108654,
        "support": 448
    },
    "weighted_avg": {
        "precision": 0.9589446508736771,
        "recall": 0.9553571428571429,
        "f1-score": 0.9568715746466776,
        "support": 448
    },
    "micro_avg": {
        "precision": 0.9553571428571429,
        "recall": 0.9553571428571429,
        "f1-score": 0.9553571428571429
    }
}