{
    "high": {
        "precision": 0.6,
        "recall": 0.75,
        "f1-score": 0.6666666666666665,
        "support": 8
    },
    "low": {
        "precision": 0.8907563025210085,
        "recall": 0.9814814814814815,
        "f1-score": 0.933920704845815,
        "support": 108
    },
    "medium": {
        "precision": 0.9933774834437086,
        "recall": 0.9493670886075949,
        "f1-score": 0.9708737864077669,
        "support": 158
    },
    "normal": {
        "precision": 1.0,
        "recall": 0.9655172413793104,
        "f1-score": 0.9824561403508771,
        "support": 174
    },
    "accuracy": 0.9598214285714286,
    "macro_avg": {
        "precision": 0.8710334464911793,
        "recall": 0.9115914528670968,
        "f1-score": 0.8884793245677814,
        "support": 448
    },
    "weighted_avg": {
        "precision": 0.9641859889651225,
        "recall": 0.9598214285714286,
        "f1-score": 0.9610316877905384,
        "support": 448
    },
    "micro_avg": {
        "precision": 0.9598214285714286,
        "recall": 0.9598214285714286,
        "f1-score": 0.9598214285714286
    }
}