{
    "high": {
        "precision": 0.5555555555555556,
        "recall": 0.625,
        "f1-score": 0.5882352941176471,
        "support": 8
    },
    "low": {
        "precision": 0.9035087719298246,
        "recall": 0.9537037037037037,
        "f1-score": 0.927927927927928,
        "support": 108
    },
    "medium": {
        "precision": 0.974025974025974,
        "recall": 0.9493670886075949,
        "f1-score": 0.9615384615384615,
        "support": 158
    },
    "normal": {
        "precision": 1.0,
        "recall": 0.9827586206896551,
        "f1-score": 0.9913043478260869,
        "support": 174
    },
    "accuracy": 0.9575892857142857,
    "macro_avg": {
        "precision": 0.8582725753778386,
        "recall": 0.8777073532502385,
        "f1-score": 0.8672515078525308,
        "support": 448
    },
    "weighted_avg": {
        "precision": 0.9596417314932353,
        "recall": 0.9575892857142857,
        "f1-score": 0.9583306518169051,
        "support": 448
    },
    "micro_avg": {
        "precision": 0.9575892857142857,
        "recall": 0.9575892857142857,
        "f1-score": 0.9575892857142857
    }
}