{
    "high": {
        "precision": 0.5714285714285714,
        "recall": 0.5,
        "f1-score": 0.5333333333333333,
        "support": 8
    },
    "low": {
        "precision": 0.8717948717948718,
        "recall": 0.7906976744186046,
        "f1-score": 0.8292682926829267,
        "support": 43
    },
    "medium": {
        "precision": 0.6923076923076923,
        "recall": 0.6923076923076923,
        "f1-score": 0.6923076923076923,
        "support": 26
    },
    "normal": {
        "precision": 0.8,
        "recall": 0.9,
        "f1-score": 0.8470588235294118,
        "support": 40
    },
    "accuracy": 0.7863247863247863,
    "macro_avg": {
        "precision": 0.7338827838827839,
        "recall": 0.7207513416815743,
        "f1-score": 0.7254920354633411,
        "support": 117
    },
    "weighted_avg": {
        "precision": 0.786825709902633,
        "recall": 0.7863247863247863,
        "f1-score": 0.7846799674633246,
        "support": 117
    },
    "micro_avg": {
        "precision": 0.7863247863247863,
        "recall": 0.7863247863247863,
        "f1-score": 0.7863247863247863
    }
}