{
    "high": {
        "precision": 0.42857142857142855,
        "recall": 0.375,
        "f1-score": 0.39999999999999997,
        "support": 8
    },
    "low": {
        "precision": 0.7674418604651163,
        "recall": 0.7674418604651163,
        "f1-score": 0.7674418604651162,
        "support": 43
    },
    "medium": {
        "precision": 0.6428571428571429,
        "recall": 0.6923076923076923,
        "f1-score": 0.6666666666666666,
        "support": 26
    },
    "normal": {
        "precision": 0.8974358974358975,
        "recall": 0.875,
        "f1-score": 0.8860759493670887,
        "support": 40
    },
    "accuracy": 0.7606837606837606,
    "macro_avg": {
        "precision": 0.6840765823323963,
        "recall": 0.6774373881932021,
        "f1-score": 0.6800461191247178,
        "support": 117
    },
    "weighted_avg": {
        "precision": 0.7610281456435304,
        "recall": 0.7606837606837606,
        "f1-score": 0.7604818060514263,
        "support": 117
    },
    "micro_avg": {
        "precision": 0.7606837606837606,
        "recall": 0.7606837606837606,
        "f1-score": 0.7606837606837606
    }
}