{
    "high": {
        "precision": 0.625,
        "recall": 0.625,
        "f1-score": 0.625,
        "support": 8
    },
    "low": {
        "precision": 0.918918918918919,
        "recall": 0.9444444444444444,
        "f1-score": 0.9315068493150684,
        "support": 108
    },
    "medium": {
        "precision": 0.9683544303797469,
        "recall": 0.9683544303797469,
        "f1-score": 0.9683544303797469,
        "support": 158
    },
    "normal": {
        "precision": 1.0,
        "recall": 0.9827586206896551,
        "f1-score": 0.9913043478260869,
        "support": 174
    },
    "accuracy": 0.9620535714285714,
    "macro_avg": {
        "precision": 0.8780683373246665,
        "recall": 0.8801393738784616,
        "f1-score": 0.8790414068802256,
        "support": 448
    },
    "weighted_avg": {
        "precision": 0.962596525096525,
        "recall": 0.9620535714285714,
        "f1-score": 0.9622537862673359,
        "support": 448
    },
    "micro_avg": {
        "precision": 0.9620535714285714,
        "recall": 0.9620535714285714,
        "f1-score": 0.9620535714285714
    }
}