{
    "high": {
        "precision": 0.75,
        "recall": 0.375,
        "f1-score": 0.5,
        "support": 8
    },
    "low": {
        "precision": 0.7608695652173914,
        "recall": 0.813953488372093,
        "f1-score": 0.7865168539325844,
        "support": 43
    },
    "medium": {
        "precision": 0.7142857142857143,
        "recall": 0.7692307692307693,
        "f1-score": 0.7407407407407408,
        "support": 26
    },
    "normal": {
        "precision": 0.8974358974358975,
        "recall": 0.875,
        "f1-score": 0.8860759493670887,
        "support": 40
    },
    "accuracy": 0.7948717948717948,
    "macro_avg": {
        "precision": 0.7806477942347507,
        "recall": 0.7082960644007156,
        "f1-score": 0.7283333860101036,
        "support": 117
    },
    "weighted_avg": {
        "precision": 0.79646372455737,
        "recall": 0.7948717948717948,
        "f1-score": 0.7907907859234524,
        "support": 117
    },
    "micro_avg": {
        "precision": 0.7948717948717948,
        "recall": 0.7948717948717948,
        "f1-score": 0.7948717948717948
    }
}