{
    "high": {
        "precision": 0.5,
        "recall": 0.375,
        "f1-score": 0.42857142857142855,
        "support": 8
    },
    "low": {
        "precision": 0.7674418604651163,
        "recall": 0.7674418604651163,
        "f1-score": 0.7674418604651162,
        "support": 43
    },
    "medium": {
        "precision": 0.6551724137931034,
        "recall": 0.7307692307692307,
        "f1-score": 0.6909090909090909,
        "support": 26
    },
    "normal": {
        "precision": 0.8717948717948718,
        "recall": 0.85,
        "f1-score": 0.8607594936708861,
        "support": 40
    },
    "accuracy": 0.7606837606837606,
    "macro_avg": {
        "precision": 0.6986022865132728,
        "recall": 0.6808027728085868,
        "f1-score": 0.6869204684041305,
        "support": 117
    },
    "weighted_avg": {
        "precision": 0.7598827147898766,
        "recall": 0.7606837606837606,
        "f1-score": 0.7591674148636175,
        "support": 117
    },
    "micro_avg": {
        "precision": 0.7606837606837606,
        "recall": 0.7606837606837606,
        "f1-score": 0.7606837606837606
    }
}