{
    "high": {
        "precision": 0.5,
        "recall": 0.5,
        "f1-score": 0.5,
        "support": 8
    },
    "low": {
        "precision": 0.944954128440367,
        "recall": 0.9537037037037037,
        "f1-score": 0.9493087557603688,
        "support": 108
    },
    "medium": {
        "precision": 0.9805194805194806,
        "recall": 0.9556962025316456,
        "f1-score": 0.967948717948718,
        "support": 158
    },
    "normal": {
        "precision": 0.9774011299435028,
        "recall": 0.9942528735632183,
        "f1-score": 0.9857549857549857,
        "support": 174
    },
    "accuracy": 0.9620535714285714,
    "macro_avg": {
        "precision": 0.8507186847258374,
        "recall": 0.850913194949642,
        "f1-score": 0.8507531148660181,
        "support": 448
    },
    "weighted_avg": {
        "precision": 0.9621538401870693,
        "recall": 0.9620535714285714,
        "f1-score": 0.9620147557575552,
        "support": 448
    },
    "micro_avg": {
        "precision": 0.9620535714285714,
        "recall": 0.9620535714285714,
        "f1-score": 0.9620535714285714
    }
}