{
    "high": {
        "precision": 0.5,
        "recall": 0.375,
        "f1-score": 0.42857142857142855,
        "support": 8
    },
    "low": {
        "precision": 0.7115384615384616,
        "recall": 0.8604651162790697,
        "f1-score": 0.7789473684210527,
        "support": 43
    },
    "medium": {
        "precision": 0.72,
        "recall": 0.6923076923076923,
        "f1-score": 0.7058823529411765,
        "support": 26
    },
    "normal": {
        "precision": 0.9117647058823529,
        "recall": 0.775,
        "f1-score": 0.8378378378378379,
        "support": 40
    },
    "accuracy": 0.7606837606837606,
    "macro_avg": {
        "precision": 0.7108257918552037,
        "recall": 0.6756932021466905,
        "f1-score": 0.6878097469428739,
        "support": 117
    },
    "weighted_avg": {
        "precision": 0.7674080519781876,
        "recall": 0.7606837606837606,
        "f1-score": 0.7588868629116309,
        "support": 117
    },
    "micro_avg": {
        "precision": 0.7606837606837606,
        "recall": 0.7606837606837606,
        "f1-score": 0.7606837606837606
    }
}