{
    "high": {
        "precision": 0.5555555555555556,
        "recall": 0.625,
        "f1-score": 0.5882352941176471,
        "support": 8
    },
    "low": {
        "precision": 0.9363636363636364,
        "recall": 0.9537037037037037,
        "f1-score": 0.944954128440367,
        "support": 108
    },
    "medium": {
        "precision": 0.967741935483871,
        "recall": 0.9493670886075949,
        "f1-score": 0.9584664536741213,
        "support": 158
    },
    "normal": {
        "precision": 0.9885057471264368,
        "recall": 0.9885057471264368,
        "f1-score": 0.9885057471264368,
        "support": 174
    },
    "accuracy": 0.9598214285714286,
    "macro_avg": {
        "precision": 0.8620417186323749,
        "recall": 0.8791441348594339,
        "f1-score": 0.870040405839643,
        "support": 448
    },
    "weighted_avg": {
        "precision": 0.9608815691476982,
        "recall": 0.9598214285714286,
        "f1-score": 0.9602647944308302,
        "support": 448
    },
    "micro_avg": {
        "precision": 0.9598214285714286,
        "recall": 0.9598214285714286,
        "f1-score": 0.9598214285714286
    }
}