{
    "high": {
        "precision": 1.0,
        "recall": 0.375,
        "f1-score": 0.5454545454545454,
        "support": 8
    },
    "low": {
        "precision": 0.9035087719298246,
        "recall": 0.9537037037037037,
        "f1-score": 0.927927927927928,
        "support": 108
    },
    "medium": {
        "precision": 0.9559748427672956,
        "recall": 0.9620253164556962,
        "f1-score": 0.9589905362776026,
        "support": 158
    },
    "normal": {
        "precision": 0.9883720930232558,
        "recall": 0.9770114942528736,
        "f1-score": 0.9826589595375722,
        "support": 174
    },
    "accuracy": 0.9553571428571429,
    "macro_avg": {
        "precision": 0.9619639269300939,
        "recall": 0.8169351286030684,
        "f1-score": 0.8537579922994121,
        "support": 448
    },
    "weighted_avg": {
        "precision": 0.9566957962314738,
        "recall": 0.9553571428571429,
        "f1-score": 0.9533103041769003,
        "support": 448
    },
    "micro_avg": {
        "precision": 0.9553571428571429,
        "recall": 0.9553571428571429,
        "f1-score": 0.9553571428571429
    }
}