{
    "high": {
        "precision": 0.6666666666666666,
        "recall": 0.5,
        "f1-score": 0.5714285714285715,
        "support": 8
    },
    "low": {
        "precision": 0.75,
        "recall": 0.8372093023255814,
        "f1-score": 0.7912087912087912,
        "support": 43
    },
    "medium": {
        "precision": 0.72,
        "recall": 0.6923076923076923,
        "f1-score": 0.7058823529411765,
        "support": 26
    },
    "normal": {
        "precision": 0.868421052631579,
        "recall": 0.825,
        "f1-score": 0.8461538461538461,
        "support": 40
    },
    "accuracy": 0.7777777777777778,
    "macro_avg": {
        "precision": 0.7512719298245614,
        "recall": 0.7136292486583184,
        "f1-score": 0.7286683904330964,
        "support": 117
    },
    "weighted_avg": {
        "precision": 0.7781211575948418,
        "recall": 0.7777777777777778,
        "f1-score": 0.7760042873165044,
        "support": 117
    },
    "micro_avg": {
        "precision": 0.7777777777777778,
        "recall": 0.7777777777777778,
        "f1-score": 0.7777777777777778
    }
}