{
    "high": {
        "precision": 0.6666666666666666,
        "recall": 0.25,
        "f1-score": 0.36363636363636365,
        "support": 8
    },
    "low": {
        "precision": 0.7755102040816326,
        "recall": 0.8837209302325582,
        "f1-score": 0.826086956521739,
        "support": 43
    },
    "medium": {
        "precision": 0.6896551724137931,
        "recall": 0.7692307692307693,
        "f1-score": 0.7272727272727274,
        "support": 26
    },
    "normal": {
        "precision": 0.9166666666666666,
        "recall": 0.825,
        "f1-score": 0.8684210526315789,
        "support": 40
    },
    "accuracy": 0.7948717948717948,
    "macro_avg": {
        "precision": 0.7621246774571897,
        "recall": 0.6819879248658318,
        "f1-score": 0.6963542750156022,
        "support": 117
    },
    "weighted_avg": {
        "precision": 0.7972476346860583,
        "recall": 0.7948717948717948,
        "f1-score": 0.7869808808023911,
        "support": 117
    },
    "micro_avg": {
        "precision": 0.7948717948717948,
        "recall": 0.7948717948717948,
        "f1-score": 0.7948717948717948
    }
}