{
    "high": {
        "precision": 0.5,
        "recall": 0.5,
        "f1-score": 0.5,
        "support": 8
    },
    "low": {
        "precision": 0.8205128205128205,
        "recall": 0.7441860465116279,
        "f1-score": 0.7804878048780488,
        "support": 43
    },
    "medium": {
        "precision": 0.6896551724137931,
        "recall": 0.7692307692307693,
        "f1-score": 0.7272727272727274,
        "support": 26
    },
    "normal": {
        "precision": 0.8780487804878049,
        "recall": 0.9,
        "f1-score": 0.888888888888889,
        "support": 40
    },
    "accuracy": 0.7863247863247863,
    "macro_avg": {
        "precision": 0.7220541933536047,
        "recall": 0.7283542039355992,
        "f1-score": 0.7241623552599162,
        "support": 117
    },
    "weighted_avg": {
        "precision": 0.7891883502933513,
        "recall": 0.7863247863247863,
        "f1-score": 0.7865437784136973,
        "support": 117
    },
    "micro_avg": {
        "precision": 0.7863247863247863,
        "recall": 0.7863247863247863,
        "f1-score": 0.7863247863247863
    }
}