{
    "high": {
        "precision": 0.5,
        "recall": 0.25,
        "f1-score": 0.3333333333333333,
        "support": 8
    },
    "low": {
        "precision": 0.75,
        "recall": 0.9069767441860465,
        "f1-score": 0.8210526315789475,
        "support": 43
    },
    "medium": {
        "precision": 0.7727272727272727,
        "recall": 0.6538461538461539,
        "f1-score": 0.7083333333333333,
        "support": 26
    },
    "normal": {
        "precision": 0.8717948717948718,
        "recall": 0.85,
        "f1-score": 0.8607594936708861,
        "support": 40
    },
    "accuracy": 0.7863247863247863,
    "macro_avg": {
        "precision": 0.7236305361305361,
        "recall": 0.66520572450805,
        "f1-score": 0.680869697979125,
        "support": 117
    },
    "weighted_avg": {
        "precision": 0.7795957603649912,
        "recall": 0.7863247863247863,
        "f1-score": 0.776230566137295,
        "support": 117
    },
    "micro_avg": {
        "precision": 0.7863247863247863,
        "recall": 0.7863247863247863,
        "f1-score": 0.7863247863247863
    }
}