{
    "high": {
        "precision": 0.42857142857142855,
        "recall": 0.75,
        "f1-score": 0.5454545454545454,
        "support": 8
    },
    "low": {
        "precision": 0.9245283018867925,
        "recall": 0.9074074074074074,
        "f1-score": 0.9158878504672898,
        "support": 108
    },
    "medium": {
        "precision": 0.9615384615384616,
        "recall": 0.9493670886075949,
        "f1-score": 0.9554140127388535,
        "support": 158
    },
    "normal": {
        "precision": 0.9941860465116279,
        "recall": 0.9827586206896551,
        "f1-score": 0.9884393063583815,
        "support": 174
    },
    "accuracy": 0.9486607142857143,
    "macro_avg": {
        "precision": 0.8272060596270776,
        "recall": 0.8973832791761643,
        "f1-score": 0.8512989287547675,
        "support": 448
    },
    "weighted_avg": {
        "precision": 0.9557791898402794,
        "recall": 0.9486607142857143,
        "f1-score": 0.9513914677080377,
        "support": 448
    },
    "micro_avg": {
        "precision": 0.9486607142857143,
        "recall": 0.9486607142857143,
        "f1-score": 0.9486607142857143
    }
}