{
    "high": {
        "precision": 0.5555555555555556,
        "recall": 0.625,
        "f1-score": 0.5882352941176471,
        "support": 8
    },
    "low": {
        "precision": 0.9043478260869565,
        "recall": 0.9629629629629629,
        "f1-score": 0.9327354260089685,
        "support": 108
    },
    "medium": {
        "precision": 0.9802631578947368,
        "recall": 0.9430379746835443,
        "f1-score": 0.9612903225806452,
        "support": 158
    },
    "normal": {
        "precision": 0.9883720930232558,
        "recall": 0.9770114942528736,
        "f1-score": 0.9826589595375722,
        "support": 174
    },
    "accuracy": 0.9553571428571429,
    "macro_avg": {
        "precision": 0.8571346581401261,
        "recall": 0.8770031079748453,
        "f1-score": 0.8662300005612082,
        "support": 448
    },
    "weighted_avg": {
        "precision": 0.9575275285608275,
        "recall": 0.9553571428571429,
        "f1-score": 0.9560442818955117,
        "support": 448
    },
    "micro_avg": {
        "precision": 0.9553571428571429,
        "recall": 0.9553571428571429,
        "f1-score": 0.9553571428571429
    }
}