{
    "high": {
        "precision": 0.5714285714285714,
        "recall": 0.5,
        "f1-score": 0.5333333333333333,
        "support": 8
    },
    "low": {
        "precision": 0.896551724137931,
        "recall": 0.9629629629629629,
        "f1-score": 0.9285714285714286,
        "support": 108
    },
    "medium": {
        "precision": 0.974025974025974,
        "recall": 0.9493670886075949,
        "f1-score": 0.9615384615384615,
        "support": 158
    },
    "normal": {
        "precision": 0.9941520467836257,
        "recall": 0.9770114942528736,
        "f1-score": 0.9855072463768115,
        "support": 174
    },
    "accuracy": 0.9553571428571429,
    "macro_avg": {
        "precision": 0.8590395790940255,
        "recall": 0.8473353864558577,
        "f1-score": 0.8522376174550088,
        "support": 448
    },
    "weighted_avg": {
        "precision": 0.9559767294972765,
        "recall": 0.9553571428571429,
        "f1-score": 0.9552538364844266,
        "support": 448
    },
    "micro_avg": {
        "precision": 0.9553571428571429,
        "recall": 0.9553571428571429,
        "f1-score": 0.9553571428571429
    }
}