{
    "high": {
        "precision": 0.6,
        "recall": 0.375,
        "f1-score": 0.4615384615384615,
        "support": 8
    },
    "low": {
        "precision": 0.85,
        "recall": 0.7906976744186046,
        "f1-score": 0.8192771084337349,
        "support": 43
    },
    "medium": {
        "precision": 0.6060606060606061,
        "recall": 0.7692307692307693,
        "f1-score": 0.6779661016949152,
        "support": 26
    },
    "normal": {
        "precision": 0.8717948717948718,
        "recall": 0.85,
        "f1-score": 0.8607594936708861,
        "support": 40
    },
    "accuracy": 0.7777777777777778,
    "macro_avg": {
        "precision": 0.7319638694638695,
        "recall": 0.6962321109123435,
        "f1-score": 0.7048852913344994,
        "support": 117
    },
    "weighted_avg": {
        "precision": 0.7861484669176977,
        "recall": 0.7777777777777778,
        "f1-score": 0.7775959123577909,
        "support": 117
    },
    "micro_avg": {
        "precision": 0.7777777777777778,
        "recall": 0.7777777777777778,
        "f1-score": 0.7777777777777778
    }
}