{
    "high": {
        "precision": 0.45454545454545453,
        "recall": 0.625,
        "f1-score": 0.5263157894736842,
        "support": 8
    },
    "low": {
        "precision": 0.96,
        "recall": 0.8888888888888888,
        "f1-score": 0.923076923076923,
        "support": 108
    },
    "medium": {
        "precision": 0.927710843373494,
        "recall": 0.9746835443037974,
        "f1-score": 0.9506172839506173,
        "support": 158
    },
    "normal": {
        "precision": 1.0,
        "recall": 0.9827586206896551,
        "f1-score": 0.9913043478260869,
        "support": 174
    },
    "accuracy": 0.9508928571428571,
    "macro_avg": {
        "precision": 0.8355640744797371,
        "recall": 0.8678327634705854,
        "f1-score": 0.8478285860818279,
        "support": 448
    },
    "weighted_avg": {
        "precision": 0.9551220466280707,
        "recall": 0.9508928571428571,
        "f1-score": 0.9522038423973969,
        "support": 448
    },
    "micro_avg": {
        "precision": 0.9508928571428571,
        "recall": 0.9508928571428571,
        "f1-score": 0.9508928571428571
    }
}