{
    "high": {
        "precision": 0.625,
        "recall": 0.625,
        "f1-score": 0.625,
        "support": 8
    },
    "low": {
        "precision": 0.918918918918919,
        "recall": 0.9444444444444444,
        "f1-score": 0.9315068493150684,
        "support": 108
    },
    "medium": {
        "precision": 0.9743589743589743,
        "recall": 0.9620253164556962,
        "f1-score": 0.9681528662420382,
        "support": 158
    },
    "normal": {
        "precision": 0.9884393063583815,
        "recall": 0.9827586206896551,
        "f1-score": 0.9855907780979827,
        "support": 174
    },
    "accuracy": 0.9598214285714286,
    "macro_avg": {
        "precision": 0.8766792999090687,
        "recall": 0.878557095397449,
        "f1-score": 0.8775626234137723,
        "support": 448
    },
    "weighted_avg": {
        "precision": 0.9602241082551776,
        "recall": 0.9598214285714286,
        "f1-score": 0.9599635892440144,
        "support": 448
    },
    "micro_avg": {
        "precision": 0.9598214285714286,
        "recall": 0.9598214285714286,
        "f1-score": 0.9598214285714286
    }
}