{
    "high": {
        "precision": 0.8333333333333334,
        "recall": 0.625,
        "f1-score": 0.7142857142857143,
        "support": 8
    },
    "low": {
        "precision": 0.9196428571428571,
        "recall": 0.9537037037037037,
        "f1-score": 0.9363636363636363,
        "support": 108
    },
    "medium": {
        "precision": 0.9743589743589743,
        "recall": 0.9620253164556962,
        "f1-score": 0.9681528662420382,
        "support": 158
    },
    "normal": {
        "precision": 0.9827586206896551,
        "recall": 0.9827586206896551,
        "f1-score": 0.9827586206896551,
        "support": 174
    },
    "accuracy": 0.9620535714285714,
    "macro_avg": {
        "precision": 0.927523446381205,
        "recall": 0.8808719102122639,
        "f1-score": 0.900390209395261,
        "support": 448
    },
    "weighted_avg": {
        "precision": 0.9619125294348508,
        "recall": 0.9620535714285714,
        "f1-score": 0.9616288198834831,
        "support": 448
    },
    "micro_avg": {
        "precision": 0.9620535714285714,
        "recall": 0.9620535714285714,
        "f1-score": 0.9620535714285714
    }
}