{
    "high": {
        "precision": 0.5454545454545454,
        "recall": 0.75,
        "f1-score": 0.631578947368421,
        "support": 8
    },
    "low": {
        "precision": 0.918918918918919,
        "recall": 0.9444444444444444,
        "f1-score": 0.9315068493150684,
        "support": 108
    },
    "medium": {
        "precision": 0.974025974025974,
        "recall": 0.9493670886075949,
        "f1-score": 0.9615384615384615,
        "support": 158
    },
    "normal": {
        "precision": 1.0,
        "recall": 0.9885057471264368,
        "f1-score": 0.9942196531791908,
        "support": 174
    },
    "accuracy": 0.9598214285714286,
    "macro_avg": {
        "precision": 0.8595998595998595,
        "recall": 0.908079320044619,
        "f1-score": 0.8797109778502854,
        "support": 448
    },
    "weighted_avg": {
        "precision": 0.9631763024620168,
        "recall": 0.9598214285714286,
        "f1-score": 0.9610997050920334,
        "support": 448
    },
    "micro_avg": {
        "precision": 0.9598214285714286,
        "recall": 0.9598214285714286,
        "f1-score": 0.9598214285714286
    }
}