{
    "high": {
        "precision": 0.5,
        "recall": 0.625,
        "f1-score": 0.5555555555555556,
        "support": 8
    },
    "low": {
        "precision": 0.9369369369369369,
        "recall": 0.9629629629629629,
        "f1-score": 0.9497716894977168,
        "support": 108
    },
    "medium": {
        "precision": 0.9867549668874173,
        "recall": 0.9430379746835443,
        "f1-score": 0.964401294498382,
        "support": 158
    },
    "normal": {
        "precision": 0.9772727272727273,
        "recall": 0.9885057471264368,
        "f1-score": 0.9828571428571428,
        "support": 174
    },
    "accuracy": 0.9598214285714286,
    "macro_avg": {
        "precision": 0.8502411577742703,
        "recall": 0.879876671193236,
        "f1-score": 0.8631464206021993,
        "support": 448
    },
    "weighted_avg": {
        "precision": 0.9623703761224458,
        "recall": 0.9598214285714286,
        "f1-score": 0.9607418176296542,
        "support": 448
    },
    "micro_avg": {
        "precision": 0.9598214285714286,
        "recall": 0.9598214285714286,
        "f1-score": 0.9598214285714286
    }
}