{
    "high": {
        "precision": 0.5555555555555556,
        "recall": 0.625,
        "f1-score": 0.5882352941176471,
        "support": 8
    },
    "low": {
        "precision": 0.9357798165137615,
        "recall": 0.9444444444444444,
        "f1-score": 0.9400921658986177,
        "support": 108
    },
    "medium": {
        "precision": 0.967948717948718,
        "recall": 0.9556962025316456,
        "f1-score": 0.9617834394904459,
        "support": 158
    },
    "normal": {
        "precision": 0.9885057471264368,
        "recall": 0.9885057471264368,
        "f1-score": 0.9885057471264368,
        "support": 174
    },
    "accuracy": 0.9598214285714286,
    "macro_avg": {
        "precision": 0.8619474592861179,
        "recall": 0.8784115985256317,
        "f1-score": 0.8696541616582868,
        "support": 448
    },
    "weighted_avg": {
        "precision": 0.9608137546067592,
        "recall": 0.9598214285714286,
        "f1-score": 0.9602625439943803,
        "support": 448
    },
    "micro_avg": {
        "precision": 0.9598214285714286,
        "recall": 0.9598214285714286,
        "f1-score": 0.9598214285714286
    }
}