{
    "high": {
        "precision": 0.5555555555555556,
        "recall": 0.625,
        "f1-score": 0.5882352941176471,
        "support": 8
    },
    "low": {
        "precision": 0.9181818181818182,
        "recall": 0.9351851851851852,
        "f1-score": 0.9266055045871558,
        "support": 108
    },
    "medium": {
        "precision": 0.967741935483871,
        "recall": 0.9493670886075949,
        "f1-score": 0.9584664536741213,
        "support": 158
    },
    "normal": {
        "precision": 0.9827586206896551,
        "recall": 0.9827586206896551,
        "f1-score": 0.9827586206896551,
        "support": 174
    },
    "accuracy": 0.953125,
    "macro_avg": {
        "precision": 0.856059482477725,
        "recall": 0.8730777236206088,
        "f1-score": 0.8640164682671448,
        "support": 448
    },
    "weighted_avg": {
        "precision": 0.9542663094074385,
        "recall": 0.953125,
        "f1-score": 0.953609322609074,
        "support": 448
    },
    "micro_avg": {
        "precision": 0.953125,
        "recall": 0.953125,
        "f1-score": 0.953125
    }
}