{
    "high": {
        "precision": 0.4,
        "recall": 0.5,
        "f1-score": 0.4444444444444445,
        "support": 8
    },
    "low": {
        "precision": 0.8372093023255814,
        "recall": 0.8372093023255814,
        "f1-score": 0.8372093023255814,
        "support": 43
    },
    "medium": {
        "precision": 0.7692307692307693,
        "recall": 0.7692307692307693,
        "f1-score": 0.7692307692307693,
        "support": 26
    },
    "normal": {
        "precision": 0.868421052631579,
        "recall": 0.825,
        "f1-score": 0.8461538461538461,
        "support": 40
    },
    "accuracy": 0.7948717948717948,
    "macro_avg": {
        "precision": 0.7187152810469823,
        "recall": 0.7328600178890876,
        "f1-score": 0.7242595905386604,
        "support": 117
    },
    "weighted_avg": {
        "precision": 0.8028789923526767,
        "recall": 0.7948717948717948,
        "f1-score": 0.7983052085616189,
        "support": 117
    },
    "micro_avg": {
        "precision": 0.7948717948717948,
        "recall": 0.7948717948717948,
        "f1-score": 0.7948717948717948
    }
}