{
    "high": {
        "precision": 0.5,
        "recall": 0.375,
        "f1-score": 0.42857142857142855,
        "support": 8
    },
    "low": {
        "precision": 0.7555555555555555,
        "recall": 0.7906976744186046,
        "f1-score": 0.7727272727272727,
        "support": 43
    },
    "medium": {
        "precision": 0.6666666666666666,
        "recall": 0.6923076923076923,
        "f1-score": 0.6792452830188679,
        "support": 26
    },
    "normal": {
        "precision": 0.8717948717948718,
        "recall": 0.85,
        "f1-score": 0.8607594936708861,
        "support": 40
    },
    "accuracy": 0.7606837606837606,
    "macro_avg": {
        "precision": 0.6985042735042735,
        "recall": 0.6770013416815742,
        "f1-score": 0.6853258694971138,
        "support": 117
    },
    "weighted_avg": {
        "precision": 0.7580685221710863,
        "recall": 0.7606837606837606,
        "f1-score": 0.7585179594971808,
        "support": 117
    },
    "micro_avg": {
        "precision": 0.7606837606837606,
        "recall": 0.7606837606837606,
        "f1-score": 0.7606837606837606
    }
}