{
    "high": {
        "precision": 0.5555555555555556,
        "recall": 0.625,
        "f1-score": 0.5882352941176471,
        "support": 8
    },
    "low": {
        "precision": 0.9428571428571428,
        "recall": 0.9166666666666666,
        "f1-score": 0.9295774647887323,
        "support": 108
    },
    "medium": {
        "precision": 0.9617834394904459,
        "recall": 0.9556962025316456,
        "f1-score": 0.9587301587301587,
        "support": 158
    },
    "normal": {
        "precision": 0.9717514124293786,
        "recall": 0.9885057471264368,
        "f1-score": 0.98005698005698,
        "support": 174
    },
    "accuracy": 0.953125,
    "macro_avg": {
        "precision": 0.8579868875831307,
        "recall": 0.8714671540811872,
        "f1-score": 0.8641499744233794,
        "support": 448
    },
    "weighted_avg": {
        "precision": 0.9538382702571834,
        "recall": 0.953125,
        "f1-score": 0.9533694824986695,
        "support": 448
    },
    "micro_avg": {
        "precision": 0.953125,
        "recall": 0.953125,
        "f1-score": 0.953125
    }
}