{
    "high": {
        "precision": 0.5,
        "recall": 0.625,
        "f1-score": 0.5555555555555556,
        "support": 8
    },
    "low": {
        "precision": 0.9345794392523364,
        "recall": 0.9259259259259259,
        "f1-score": 0.9302325581395349,
        "support": 108
    },
    "medium": {
        "precision": 0.9503105590062112,
        "recall": 0.9683544303797469,
        "f1-score": 0.9592476489028213,
        "support": 158
    },
    "normal": {
        "precision": 1.0,
        "recall": 0.9770114942528736,
        "f1-score": 0.9883720930232558,
        "support": 174
    },
    "accuracy": 0.9553571428571429,
    "macro_avg": {
        "precision": 0.8462224995646369,
        "recall": 0.8740729626396366,
        "f1-score": 0.8583519639052919,
        "support": 448
    },
    "weighted_avg": {
        "precision": 0.9577759994692716,
        "recall": 0.9553571428571429,
        "f1-score": 0.956355878205818,
        "support": 448
    },
    "micro_avg": {
        "precision": 0.9553571428571429,
        "recall": 0.9553571428571429,
        "f1-score": 0.9553571428571429
    }
}