{
    "high": {
        "precision": 0.42857142857142855,
        "recall": 0.375,
        "f1-score": 0.39999999999999997,
        "support": 8
    },
    "low": {
        "precision": 0.76,
        "recall": 0.8837209302325582,
        "f1-score": 0.8172043010752689,
        "support": 43
    },
    "medium": {
        "precision": 0.7619047619047619,
        "recall": 0.6153846153846154,
        "f1-score": 0.6808510638297872,
        "support": 26
    },
    "normal": {
        "precision": 0.8974358974358975,
        "recall": 0.875,
        "f1-score": 0.8860759493670887,
        "support": 40
    },
    "accuracy": 0.7863247863247863,
    "macro_avg": {
        "precision": 0.711978021978022,
        "recall": 0.6872763864042934,
        "f1-score": 0.6960328285680362,
        "support": 117
    },
    "weighted_avg": {
        "precision": 0.7847481293635139,
        "recall": 0.7863247863247863,
        "f1-score": 0.7819226545341418,
        "support": 117
    },
    "micro_avg": {
        "precision": 0.7863247863247863,
        "recall": 0.7863247863247863,
        "f1-score": 0.7863247863247863
    }
}