{
    "high": {
        "precision": 0.4166666666666667,
        "recall": 0.625,
        "f1-score": 0.5,
        "support": 8
    },
    "low": {
        "precision": 0.918918918918919,
        "recall": 0.9444444444444444,
        "f1-score": 0.9315068493150684,
        "support": 108
    },
    "medium": {
        "precision": 0.9932432432432432,
        "recall": 0.930379746835443,
        "f1-score": 0.9607843137254902,
        "support": 158
    },
    "normal": {
        "precision": 0.9717514124293786,
        "recall": 0.9885057471264368,
        "f1-score": 0.98005698005698,
        "support": 174
    },
    "accuracy": 0.9508928571428571,
    "macro_avg": {
        "precision": 0.8251450603145518,
        "recall": 0.872082484601581,
        "f1-score": 0.8430870357743847,
        "support": 448
    },
    "weighted_avg": {
        "precision": 0.956682488329734,
        "recall": 0.9508928571428571,
        "f1-score": 0.9529834281798423,
        "support": 448
    },
    "micro_avg": {
        "precision": 0.9508928571428571,
        "recall": 0.9508928571428571,
        "f1-score": 0.9508928571428571
    }
}