{
    "high": {
        "precision": 1.0,
        "recall": 0.125,
        "f1-score": 0.2222222222222222,
        "support": 8
    },
    "low": {
        "precision": 0.7547169811320755,
        "recall": 0.9302325581395349,
        "f1-score": 0.8333333333333334,
        "support": 43
    },
    "medium": {
        "precision": 0.6923076923076923,
        "recall": 0.6923076923076923,
        "f1-score": 0.6923076923076923,
        "support": 26
    },
    "normal": {
        "precision": 0.918918918918919,
        "recall": 0.85,
        "f1-score": 0.8831168831168831,
        "support": 40
    },
    "accuracy": 0.7948717948717948,
    "macro_avg": {
        "precision": 0.8414858980896717,
        "recall": 0.6493850626118067,
        "f1-score": 0.6577450327450327,
        "support": 117
    },
    "weighted_avg": {
        "precision": 0.8137571533797949,
        "recall": 0.7948717948717948,
        "f1-score": 0.7772289438956106,
        "support": 117
    },
    "micro_avg": {
        "precision": 0.7948717948717948,
        "recall": 0.7948717948717948,
        "f1-score": 0.7948717948717948
    }
}