{
    "high": {
        "precision": 0.4444444444444444,
        "recall": 0.5,
        "f1-score": 0.47058823529411764,
        "support": 8
    },
    "low": {
        "precision": 0.9259259259259259,
        "recall": 0.9259259259259259,
        "f1-score": 0.9259259259259259,
        "support": 108
    },
    "medium": {
        "precision": 0.949685534591195,
        "recall": 0.9556962025316456,
        "f1-score": 0.9526813880126183,
        "support": 158
    },
    "normal": {
        "precision": 0.9941860465116279,
        "recall": 0.9827586206896551,
        "f1-score": 0.9884393063583815,
        "support": 174
    },
    "accuracy": 0.9508928571428571,
    "macro_avg": {
        "precision": 0.8285604878682983,
        "recall": 0.8410951872868068,
        "f1-score": 0.8344087138977608,
        "support": 448
    },
    "weighted_avg": {
        "precision": 0.952219290433008,
        "recall": 0.9508928571428571,
        "f1-score": 0.951510724318538,
        "support": 448
    },
    "micro_avg": {
        "precision": 0.9508928571428571,
        "recall": 0.9508928571428571,
        "f1-score": 0.9508928571428571
    }
}