{
    "high": {
        "precision": 0.5,
        "recall": 0.375,
        "f1-score": 0.42857142857142855,
        "support": 8
    },
    "low": {
        "precision": 0.8648648648648649,
        "recall": 0.7441860465116279,
        "f1-score": 0.8,
        "support": 43
    },
    "medium": {
        "precision": 0.59375,
        "recall": 0.7307692307692307,
        "f1-score": 0.6551724137931033,
        "support": 26
    },
    "normal": {
        "precision": 0.8333333333333334,
        "recall": 0.875,
        "f1-score": 0.8536585365853658,
        "support": 40
    },
    "accuracy": 0.7606837606837606,
    "macro_avg": {
        "precision": 0.6979870495495496,
        "recall": 0.6812388193202147,
        "f1-score": 0.6843505947374744,
        "support": 117
    },
    "weighted_avg": {
        "precision": 0.7688890813890815,
        "recall": 0.7606837606837606,
        "f1-score": 0.7607640653898013,
        "support": 117
    },
    "micro_avg": {
        "precision": 0.7606837606837606,
        "recall": 0.7606837606837606,
        "f1-score": 0.7606837606837606
    }
}