{
    "high": {
        "precision": 0.5,
        "recall": 0.75,
        "f1-score": 0.6,
        "support": 8
    },
    "low": {
        "precision": 0.9196428571428571,
        "recall": 0.9537037037037037,
        "f1-score": 0.9363636363636363,
        "support": 108
    },
    "medium": {
        "precision": 0.9867549668874173,
        "recall": 0.9430379746835443,
        "f1-score": 0.964401294498382,
        "support": 158
    },
    "normal": {
        "precision": 0.9942196531791907,
        "recall": 0.9885057471264368,
        "f1-score": 0.9913544668587896,
        "support": 174
    },
    "accuracy": 0.9598214285714286,
    "macro_avg": {
        "precision": 0.8501543693023663,
        "recall": 0.9088118563784212,
        "f1-score": 0.8730298494302019,
        "support": 448
    },
    "weighted_avg": {
        "precision": 0.9647833325732582,
        "recall": 0.9598214285714286,
        "f1-score": 0.9616034698469786,
        "support": 448
    },
    "micro_avg": {
        "precision": 0.9598214285714286,
        "recall": 0.9598214285714286,
        "f1-score": 0.9598214285714286
    }
}