{
    "high": {
        "precision": 0.5,
        "recall": 0.375,
        "f1-score": 0.42857142857142855,
        "support": 8
    },
    "low": {
        "precision": 0.8409090909090909,
        "recall": 0.8604651162790697,
        "f1-score": 0.8505747126436781,
        "support": 43
    },
    "medium": {
        "precision": 0.6666666666666666,
        "recall": 0.6923076923076923,
        "f1-score": 0.6792452830188679,
        "support": 26
    },
    "normal": {
        "precision": 0.875,
        "recall": 0.875,
        "f1-score": 0.875,
        "support": 40
    },
    "accuracy": 0.7948717948717948,
    "macro_avg": {
        "precision": 0.7206439393939393,
        "recall": 0.7006932021466905,
        "f1-score": 0.7083478560584936,
        "support": 117
    },
    "weighted_avg": {
        "precision": 0.7905335405335406,
        "recall": 0.7948717948717948,
        "f1-score": 0.7919971062456423,
        "support": 117
    },
    "micro_avg": {
        "precision": 0.7948717948717948,
        "recall": 0.7948717948717948,
        "f1-score": 0.7948717948717948
    }
}