{
    "high": {
        "precision": 0.375,
        "recall": 0.375,
        "f1-score": 0.375,
        "support": 8
    },
    "low": {
        "precision": 0.8095238095238095,
        "recall": 0.7906976744186046,
        "f1-score": 0.8,
        "support": 43
    },
    "medium": {
        "precision": 0.782608695652174,
        "recall": 0.6923076923076923,
        "f1-score": 0.7346938775510203,
        "support": 26
    },
    "normal": {
        "precision": 0.8409090909090909,
        "recall": 0.925,
        "f1-score": 0.8809523809523809,
        "support": 40
    },
    "accuracy": 0.7863247863247863,
    "macro_avg": {
        "precision": 0.7020103990212686,
        "recall": 0.6957513416815743,
        "f1-score": 0.6976615646258504,
        "support": 117
    },
    "weighted_avg": {
        "precision": 0.7845616541268716,
        "recall": 0.7863247863247863,
        "f1-score": 0.7841037269608698,
        "support": 117
    },
    "micro_avg": {
        "precision": 0.7863247863247863,
        "recall": 0.7863247863247863,
        "f1-score": 0.7863247863247863
    }
}