{
    "high": {
        "precision": 0.5,
        "recall": 0.25,
        "f1-score": 0.3333333333333333,
        "support": 8
    },
    "low": {
        "precision": 0.7755102040816326,
        "recall": 0.8837209302325582,
        "f1-score": 0.826086956521739,
        "support": 43
    },
    "medium": {
        "precision": 0.782608695652174,
        "recall": 0.6923076923076923,
        "f1-score": 0.7346938775510203,
        "support": 26
    },
    "normal": {
        "precision": 0.8780487804878049,
        "recall": 0.9,
        "f1-score": 0.888888888888889,
        "support": 40
    },
    "accuracy": 0.8034188034188035,
    "macro_avg": {
        "precision": 0.7340419200554028,
        "recall": 0.6815071556350626,
        "f1-score": 0.6957507640737454,
        "support": 117
    },
    "weighted_avg": {
        "precision": 0.7933052656579396,
        "recall": 0.8034188034188035,
        "f1-score": 0.7935555740938763,
        "support": 117
    },
    "micro_avg": {
        "precision": 0.8034188034188035,
        "recall": 0.8034188034188035,
        "f1-score": 0.8034188034188035
    }
}