{
    "high": {
        "precision": 0.5,
        "recall": 0.75,
        "f1-score": 0.6,
        "support": 8
    },
    "low": {
        "precision": 0.9043478260869565,
        "recall": 0.9629629629629629,
        "f1-score": 0.9327354260089685,
        "support": 108
    },
    "medium": {
        "precision": 0.9865771812080537,
        "recall": 0.930379746835443,
        "f1-score": 0.9576547231270359,
        "support": 158
    },
    "normal": {
        "precision": 1.0,
        "recall": 0.9885057471264368,
        "f1-score": 0.9942196531791908,
        "support": 174
    },
    "accuracy": 0.9575892857142857,
    "macro_avg": {
        "precision": 0.8477312518237525,
        "recall": 0.9079621142312106,
        "f1-score": 0.8711524505787989,
        "support": 448
    },
    "weighted_avg": {
        "precision": 0.9632784818041602,
        "recall": 0.9575892857142857,
        "f1-score": 0.9594622587415612,
        "support": 448
    },
    "micro_avg": {
        "precision": 0.9575892857142857,
        "recall": 0.9575892857142857,
        "f1-score": 0.9575892857142857
    }
}