{
    "high": {
        "precision": 0.3333333333333333,
        "recall": 0.25,
        "f1-score": 0.28571428571428575,
        "support": 8
    },
    "low": {
        "precision": 0.8085106382978723,
        "recall": 0.8837209302325582,
        "f1-score": 0.8444444444444444,
        "support": 43
    },
    "medium": {
        "precision": 0.7083333333333334,
        "recall": 0.6538461538461539,
        "f1-score": 0.68,
        "support": 26
    },
    "normal": {
        "precision": 0.9,
        "recall": 0.9,
        "f1-score": 0.9,
        "support": 40
    },
    "accuracy": 0.7948717948717948,
    "macro_avg": {
        "precision": 0.6875443262411347,
        "recall": 0.671891771019678,
        "f1-score": 0.6775396825396826,
        "support": 117
    },
    "weighted_avg": {
        "precision": 0.7850366733345456,
        "recall": 0.7948717948717948,
        "f1-score": 0.788690815357482,
        "support": 117
    },
    "micro_avg": {
        "precision": 0.7948717948717948,
        "recall": 0.7948717948717948,
        "f1-score": 0.7948717948717948
    }
}