{
    "high": {
        "precision": 0.36363636363636365,
        "recall": 0.5,
        "f1-score": 0.4210526315789474,
        "support": 8
    },
    "low": {
        "precision": 0.9279279279279279,
        "recall": 0.9537037037037037,
        "f1-score": 0.9406392694063928,
        "support": 108
    },
    "medium": {
        "precision": 0.9673202614379085,
        "recall": 0.9367088607594937,
        "f1-score": 0.9517684887459807,
        "support": 158
    },
    "normal": {
        "precision": 0.9884393063583815,
        "recall": 0.9827586206896551,
        "f1-score": 0.9855907780979827,
        "support": 174
    },
    "accuracy": 0.9508928571428571,
    "macro_avg": {
        "precision": 0.8118309648401454,
        "recall": 0.8432927962882132,
        "f1-score": 0.8247627919573259,
        "support": 448
    },
    "weighted_avg": {
        "precision": 0.9552463119170872,
        "recall": 0.9508928571428571,
        "f1-score": 0.9527448186594552,
        "support": 448
    },
    "micro_avg": {
        "precision": 0.9508928571428571,
        "recall": 0.9508928571428571,
        "f1-score": 0.9508928571428571
    }
}