{
    "high": {
        "precision": 0.46153846153846156,
        "recall": 0.75,
        "f1-score": 0.5714285714285714,
        "support": 8
    },
    "low": {
        "precision": 0.9351851851851852,
        "recall": 0.9351851851851852,
        "f1-score": 0.9351851851851852,
        "support": 108
    },
    "medium": {
        "precision": 0.9802631578947368,
        "recall": 0.9430379746835443,
        "f1-score": 0.9612903225806452,
        "support": 158
    },
    "normal": {
        "precision": 0.9885714285714285,
        "recall": 0.9942528735632183,
        "f1-score": 0.991404011461318,
        "support": 174
    },
    "accuracy": 0.9575892857142857,
    "macro_avg": {
        "precision": 0.841389558297453,
        "recall": 0.9056190083579869,
        "f1-score": 0.86482702266393,
        "support": 448
    },
    "weighted_avg": {
        "precision": 0.9633600785962158,
        "recall": 0.9575892857142857,
        "f1-score": 0.9597312444942853,
        "support": 448
    },
    "micro_avg": {
        "precision": 0.9575892857142857,
        "recall": 0.9575892857142857,
        "f1-score": 0.9575892857142857
    }
}