{
    "high": {
        "precision": 0.36363636363636365,
        "recall": 0.5,
        "f1-score": 0.4210526315789474,
        "support": 8
    },
    "low": {
        "precision": 0.7708333333333334,
        "recall": 0.8604651162790697,
        "f1-score": 0.8131868131868132,
        "support": 43
    },
    "medium": {
        "precision": 0.8421052631578947,
        "recall": 0.6153846153846154,
        "f1-score": 0.7111111111111111,
        "support": 26
    },
    "normal": {
        "precision": 0.8974358974358975,
        "recall": 0.875,
        "f1-score": 0.8860759493670887,
        "support": 40
    },
    "accuracy": 0.7863247863247863,
    "macro_avg": {
        "precision": 0.7185027143908723,
        "recall": 0.7127124329159213,
        "f1-score": 0.70785662631099,
        "support": 117
    },
    "weighted_avg": {
        "precision": 0.8021119400167982,
        "recall": 0.7863247863247863,
        "f1-score": 0.7886100930191196,
        "support": 117
    },
    "micro_avg": {
        "precision": 0.7863247863247863,
        "recall": 0.7863247863247863,
        "f1-score": 0.7863247863247863
    }
}