{
    "high": {
        "precision": 0.3333333333333333,
        "recall": 0.375,
        "f1-score": 0.35294117647058826,
        "support": 8
    },
    "low": {
        "precision": 0.8095238095238095,
        "recall": 0.7906976744186046,
        "f1-score": 0.8,
        "support": 43
    },
    "medium": {
        "precision": 0.6785714285714286,
        "recall": 0.7307692307692307,
        "f1-score": 0.7037037037037038,
        "support": 26
    },
    "normal": {
        "precision": 0.9210526315789473,
        "recall": 0.875,
        "f1-score": 0.8974358974358975,
        "support": 40
    },
    "accuracy": 0.7777777777777778,
    "macro_avg": {
        "precision": 0.6856203007518797,
        "recall": 0.6928667262969589,
        "f1-score": 0.6885201944025474,
        "support": 117
    },
    "weighted_avg": {
        "precision": 0.7859927596769701,
        "recall": 0.7777777777777778,
        "f1-score": 0.7813441162862983,
        "support": 117
    },
    "micro_avg": {
        "precision": 0.7777777777777778,
        "recall": 0.7777777777777778,
        "f1-score": 0.7777777777777778
    }
}