{
    "high": {
        "precision": 0.6666666666666666,
        "recall": 0.5,
        "f1-score": 0.5714285714285715,
        "support": 8
    },
    "low": {
        "precision": 0.9619047619047619,
        "recall": 0.9351851851851852,
        "f1-score": 0.9483568075117371,
        "support": 108
    },
    "medium": {
        "precision": 0.9390243902439024,
        "recall": 0.9746835443037974,
        "f1-score": 0.9565217391304348,
        "support": 158
    },
    "normal": {
        "precision": 0.9942196531791907,
        "recall": 0.9885057471264368,
        "f1-score": 0.9913544668587896,
        "support": 174
    },
    "accuracy": 0.9620535714285714,
    "macro_avg": {
        "precision": 0.8904538679986305,
        "recall": 0.8495936191538548,
        "f1-score": 0.8669153962323833,
        "support": 448
    },
    "weighted_avg": {
        "precision": 0.961114109220454,
        "recall": 0.9620535714285714,
        "f1-score": 0.9612055263364604,
        "support": 448
    },
    "micro_avg": {
        "precision": 0.9620535714285714,
        "recall": 0.9620535714285714,
        "f1-score": 0.9620535714285714
    }
}