{
    "high": {
        "precision": 0.5,
        "recall": 0.25,
        "f1-score": 0.3333333333333333,
        "support": 8
    },
    "low": {
        "precision": 0.7346938775510204,
        "recall": 0.8372093023255814,
        "f1-score": 0.782608695652174,
        "support": 43
    },
    "medium": {
        "precision": 0.6551724137931034,
        "recall": 0.7307692307692307,
        "f1-score": 0.6909090909090909,
        "support": 26
    },
    "normal": {
        "precision": 0.8857142857142857,
        "recall": 0.775,
        "f1-score": 0.8266666666666667,
        "support": 40
    },
    "accuracy": 0.7521367521367521,
    "macro_avg": {
        "precision": 0.6938951442646024,
        "recall": 0.6482446332737031,
        "f1-score": 0.6583794466403162,
        "support": 117
    },
    "weighted_avg": {
        "precision": 0.752605905315265,
        "recall": 0.7521367521367521,
        "f1-score": 0.7465738770086596,
        "support": 117
    },
    "micro_avg": {
        "precision": 0.7521367521367521,
        "recall": 0.7521367521367521,
        "f1-score": 0.752136752136752
    }
}