{
    "high": {
        "precision": 0.6,
        "recall": 0.375,
        "f1-score": 0.4615384615384615,
        "support": 8
    },
    "low": {
        "precision": 0.7727272727272727,
        "recall": 0.7906976744186046,
        "f1-score": 0.7816091954022988,
        "support": 43
    },
    "medium": {
        "precision": 0.6923076923076923,
        "recall": 0.6923076923076923,
        "f1-score": 0.6923076923076923,
        "support": 26
    },
    "normal": {
        "precision": 0.8571428571428571,
        "recall": 0.9,
        "f1-score": 0.8780487804878048,
        "support": 40
    },
    "accuracy": 0.7777777777777778,
    "macro_avg": {
        "precision": 0.7305444555444555,
        "recall": 0.6895013416815743,
        "f1-score": 0.7033760324340643,
        "support": 117
    },
    "weighted_avg": {
        "precision": 0.7719058719058719,
        "recall": 0.7777777777777778,
        "f1-score": 0.7728500368728096,
        "support": 117
    },
    "micro_avg": {
        "precision": 0.7777777777777778,
        "recall": 0.7777777777777778,
        "f1-score": 0.7777777777777778
    }
}