{
    "high": {
        "precision": 0.42857142857142855,
        "recall": 0.75,
        "f1-score": 0.5454545454545454,
        "support": 8
    },
    "low": {
        "precision": 0.918918918918919,
        "recall": 0.9444444444444444,
        "f1-score": 0.9315068493150684,
        "support": 108
    },
    "medium": {
        "precision": 0.9735099337748344,
        "recall": 0.930379746835443,
        "f1-score": 0.9514563106796117,
        "support": 158
    },
    "normal": {
        "precision": 0.9941860465116279,
        "recall": 0.9827586206896551,
        "f1-score": 0.9884393063583815,
        "support": 174
    },
    "accuracy": 0.9508928571428571,
    "macro_avg": {
        "precision": 0.8287965819442025,
        "recall": 0.9018957029923856,
        "f1-score": 0.8542142529519018,
        "support": 448
    },
    "weighted_avg": {
        "precision": 0.9586490096010307,
        "recall": 0.9508928571428571,
        "f1-score": 0.9537609653647339,
        "support": 448
    },
    "micro_avg": {
        "precision": 0.9508928571428571,
        "recall": 0.9508928571428571,
        "f1-score": 0.9508928571428571
    }
}