{
    "high": {
        "precision": 0.4166666666666667,
        "recall": 0.625,
        "f1-score": 0.5,
        "support": 8
    },
    "low": {
        "precision": 0.9174311926605505,
        "recall": 0.9259259259259259,
        "f1-score": 0.9216589861751153,
        "support": 108
    },
    "medium": {
        "precision": 0.9612903225806452,
        "recall": 0.9430379746835443,
        "f1-score": 0.952076677316294,
        "support": 158
    },
    "normal": {
        "precision": 1.0,
        "recall": 0.9885057471264368,
        "f1-score": 0.9942196531791908,
        "support": 174
    },
    "accuracy": 0.9508928571428571,
    "macro_avg": {
        "precision": 0.8238470454769656,
        "recall": 0.8706174119339768,
        "f1-score": 0.84198882916765,
        "support": 448
    },
    "weighted_avg": {
        "precision": 0.9560262792598542,
        "recall": 0.9508928571428571,
        "f1-score": 0.953039074053719,
        "support": 448
    },
    "micro_avg": {
        "precision": 0.9508928571428571,
        "recall": 0.9508928571428571,
        "f1-score": 0.9508928571428571
    }
}