{
    "high": {
        "precision": 1.0,
        "recall": 0.25,
        "f1-score": 0.4,
        "support": 8
    },
    "low": {
        "precision": 0.7906976744186046,
        "recall": 0.7906976744186046,
        "f1-score": 0.7906976744186046,
        "support": 43
    },
    "medium": {
        "precision": 0.6451612903225806,
        "recall": 0.7692307692307693,
        "f1-score": 0.7017543859649122,
        "support": 26
    },
    "normal": {
        "precision": 0.8536585365853658,
        "recall": 0.875,
        "f1-score": 0.8641975308641976,
        "support": 40
    },
    "accuracy": 0.7777777777777778,
    "macro_avg": {
        "precision": 0.8223793753316377,
        "recall": 0.6712321109123435,
        "f1-score": 0.6891623978119286,
        "support": 117
    },
    "weighted_avg": {
        "precision": 0.7941926069384764,
        "recall": 0.7777777777777778,
        "f1-score": 0.769346284356031,
        "support": 117
    },
    "micro_avg": {
        "precision": 0.7777777777777778,
        "recall": 0.7777777777777778,
        "f1-score": 0.7777777777777778
    }
}