{
    "high": {
        "precision": 0.5,
        "recall": 0.625,
        "f1-score": 0.5555555555555556,
        "support": 8
    },
    "low": {
        "precision": 0.9122807017543859,
        "recall": 0.9629629629629629,
        "f1-score": 0.9369369369369369,
        "support": 108
    },
    "medium": {
        "precision": 0.9738562091503268,
        "recall": 0.9430379746835443,
        "f1-score": 0.9581993569131834,
        "support": 158
    },
    "normal": {
        "precision": 0.9941520467836257,
        "recall": 0.9770114942528736,
        "f1-score": 0.9855072463768115,
        "support": 174
    },
    "accuracy": 0.9553571428571429,
    "macro_avg": {
        "precision": 0.8450722394220845,
        "recall": 0.8770031079748453,
        "f1-score": 0.8590497739456219,
        "support": 448
    },
    "weighted_avg": {
        "precision": 0.9584331539633398,
        "recall": 0.9553571428571429,
        "f1-score": 0.9564897162845577,
        "support": 448
    },
    "micro_avg": {
        "precision": 0.9553571428571429,
        "recall": 0.9553571428571429,
        "f1-score": 0.9553571428571429
    }
}