{
    "high": {
        "precision": 0.5,
        "recall": 0.375,
        "f1-score": 0.42857142857142855,
        "support": 8
    },
    "low": {
        "precision": 0.8181818181818182,
        "recall": 0.8372093023255814,
        "f1-score": 0.8275862068965518,
        "support": 43
    },
    "medium": {
        "precision": 0.6428571428571429,
        "recall": 0.6923076923076923,
        "f1-score": 0.6666666666666666,
        "support": 26
    },
    "normal": {
        "precision": 0.8974358974358975,
        "recall": 0.875,
        "f1-score": 0.8860759493670887,
        "support": 40
    },
    "accuracy": 0.7863247863247863,
    "macro_avg": {
        "precision": 0.7146187146187146,
        "recall": 0.6948792486583184,
        "f1-score": 0.7022250628754338,
        "support": 117
    },
    "weighted_avg": {
        "precision": 0.7845601691755538,
        "recall": 0.7863247863247863,
        "f1-score": 0.7845397404541884,
        "support": 117
    },
    "micro_avg": {
        "precision": 0.7863247863247863,
        "recall": 0.7863247863247863,
        "f1-score": 0.7863247863247863
    }
}