{
    "high": {
        "precision": 0.5,
        "recall": 0.75,
        "f1-score": 0.6,
        "support": 8
    },
    "low": {
        "precision": 0.9181818181818182,
        "recall": 0.9351851851851852,
        "f1-score": 0.9266055045871558,
        "support": 108
    },
    "medium": {
        "precision": 0.974025974025974,
        "recall": 0.9493670886075949,
        "f1-score": 0.9615384615384615,
        "support": 158
    },
    "normal": {
        "precision": 0.9883720930232558,
        "recall": 0.9770114942528736,
        "f1-score": 0.9826589595375722,
        "support": 174
    },
    "accuracy": 0.953125,
    "macro_avg": {
        "precision": 0.845144971307762,
        "recall": 0.9028909420114133,
        "f1-score": 0.8677007314157974,
        "support": 448
    },
    "weighted_avg": {
        "precision": 0.9576707242093454,
        "recall": 0.953125,
        "f1-score": 0.9548641303080966,
        "support": 448
    },
    "micro_avg": {
        "precision": 0.953125,
        "recall": 0.953125,
        "f1-score": 0.953125
    }
}