{
    "high": {
        "precision": 0.6666666666666666,
        "recall": 0.75,
        "f1-score": 0.7058823529411765,
        "support": 8
    },
    "low": {
        "precision": 0.9433962264150944,
        "recall": 0.9259259259259259,
        "f1-score": 0.9345794392523364,
        "support": 108
    },
    "medium": {
        "precision": 0.9559748427672956,
        "recall": 0.9620253164556962,
        "f1-score": 0.9589905362776026,
        "support": 158
    },
    "normal": {
        "precision": 0.9885057471264368,
        "recall": 0.9885057471264368,
        "f1-score": 0.9885057471264368,
        "support": 174
    },
    "accuracy": 0.9598214285714286,
    "macro_avg": {
        "precision": 0.8886358707438734,
        "recall": 0.9066142473770148,
        "f1-score": 0.896989518899388,
        "support": 448
    },
    "weighted_avg": {
        "precision": 0.9604110512129379,
        "recall": 0.9598214285714286,
        "f1-score": 0.9600494263273279,
        "support": 448
    },
    "micro_avg": {
        "precision": 0.9598214285714286,
        "recall": 0.9598214285714286,
        "f1-score": 0.9598214285714286
    }
}